# Logfile created on 2026-09-15 10:44:52 +0200 by logger.rb/v1.4.3
2026-09-15 10:44:52 +0200: Memory Usage (429220K) : Starting running SG13G2 Klayout LVS runset on /home/designer/shared/Unic_Cass_IHP/gds/multiplier_top.gds
2026-09-15 10:44:52 +0200: Memory Usage (429220K) : Ruby Version for klayout: 3.0.2
2026-09-15 10:44:52 +0200: Memory Usage (429220K) : Loading database to memory is complete.
2026-09-15 10:44:52 +0200: Memory Usage (429220K) : SG13G2 Klayout LVS runset output at: /home/designer/shared/Unic_Cass_IHP/LVS/multiplier_top.lvsdb
2026-09-15 10:44:52 +0200: Memory Usage (429220K) : Evaluate switches.
2026-09-15 10:44:52 +0200: Memory Usage (429220K) : Extracted netlist with net names: true
2026-09-15 10:44:52 +0200: Memory Usage (429220K) : Extracted netlist with comments in details: false
2026-09-15 10:44:52 +0200: Memory Usage (429220K) : Selected NET_ONLY option: false
2026-09-15 10:44:52 +0200: Memory Usage (429220K) : Selected LAYOUT_NETLIST option: (none)
2026-09-15 10:44:52 +0200: Memory Usage (429220K) : Selected IGNORE_TOP_PORTS_MISMATCH option: 
2026-09-15 10:44:52 +0200: Memory Usage (429220K) : Selected IMPLICIT_NETS option: (none)
2026-09-15 10:44:52 +0200: Memory Usage (429220K) : Selected TOP_LVL_PINS option: false
2026-09-15 10:44:52 +0200: Memory Usage (429220K) : Selected COMBINE DEVICES option: false
2026-09-15 10:44:52 +0200: Memory Usage (429220K) : Selected PURGE option: false
2026-09-15 10:44:52 +0200: Memory Usage (429220K) : Selected PURGE_NETS option: false
2026-09-15 10:44:52 +0200: Memory Usage (429220K) : Selected SIMPLIFY option: true
2026-09-15 10:44:52 +0200: Memory Usage (429220K) : Selected SERIES_RES option: true
2026-09-15 10:44:52 +0200: Memory Usage (429220K) : Selected PARALLEL_RES option: true
2026-09-15 10:44:52 +0200: Memory Usage (429220K) : Selected DISABLE_TAP_EXTRACTION option: false
2026-09-15 10:44:52 +0200: Memory Usage (429220K) : deep  mode is enabled.
2026-09-15 10:44:52 +0200: Memory Usage (430664K) : Netlist file: /home/designer/shared/Unic_Cass_IHP/LVS/multiplier_top.spice
2026-09-15 10:44:52 +0200: Memory Usage (430664K) : LVS extracted netlist at: /home/designer/shared/Unic_Cass_IHP/LVS/multiplier_top_extracted.cir
2026-09-15 10:44:52 +0200: Memory Usage (430664K) : Applying SRAM integration support.
2026-09-15 10:44:52 +0200: Memory Usage (430664K) : Starting SG13G2 LVS runset
2026-09-15 10:44:52 +0200: Memory Usage (430664K) : Read in polygons from layers.
2026-09-15 10:44:52 +0200: Memory Usage (430664K) : activ_drw has 1137 polygons
2026-09-15 10:44:52 +0200: Memory Usage (430664K) : activ_filler has 0 polygons
2026-09-15 10:44:52 +0200: Memory Usage (430664K) : activ has 1137 polygons
2026-09-15 10:44:52 +0200: Memory Usage (430664K) : activ_pin has 0 polygons
2026-09-15 10:44:52 +0200: Memory Usage (430664K) : activ_mask has 0 polygons
2026-09-15 10:44:52 +0200: Memory Usage (430664K) : activ_nofill has 0 polygons
2026-09-15 10:44:52 +0200: Memory Usage (430664K) : activ_OPC has 0 polygons
2026-09-15 10:44:52 +0200: Memory Usage (430664K) : activ_iOPC has 0 polygons
2026-09-15 10:44:52 +0200: Memory Usage (430664K) : activ_noqrc has 0 polygons
2026-09-15 10:44:52 +0200: Memory Usage (430664K) : biwind_drw has 0 polygons
2026-09-15 10:44:52 +0200: Memory Usage (430664K) : biwind_OPC has 0 polygons
2026-09-15 10:44:52 +0200: Memory Usage (432556K) : gatpoly_drw has 1138 polygons
2026-09-15 10:44:52 +0200: Memory Usage (432556K) : gatpoly_filler has 0 polygons
2026-09-15 10:44:52 +0200: Memory Usage (432556K) : gatpoly has 1138 polygons
2026-09-15 10:44:52 +0200: Memory Usage (432556K) : gatpoly_pin has 0 polygons
2026-09-15 10:44:52 +0200: Memory Usage (432556K) : gatpoly_nofill has 0 polygons
2026-09-15 10:44:52 +0200: Memory Usage (432556K) : gatpoly_OPC has 0 polygons
2026-09-15 10:44:52 +0200: Memory Usage (432556K) : gatpoly_iOPC has 0 polygons
2026-09-15 10:44:52 +0200: Memory Usage (432556K) : gatpoly_noqrc has 0 polygons
2026-09-15 10:44:52 +0200: Memory Usage (432556K) : cont_drw has 24184 polygons
2026-09-15 10:44:52 +0200: Memory Usage (432940K) : cont_OPC has 0 polygons
2026-09-15 10:44:52 +0200: Memory Usage (432940K) : nsd_drw has 48 polygons
2026-09-15 10:44:52 +0200: Memory Usage (432940K) : nsd_block has 0 polygons
2026-09-15 10:44:52 +0200: Memory Usage (432940K) : metal1_drw has 3930 polygons
2026-09-15 10:44:52 +0200: Memory Usage (433204K) : metal1_filler has 0 polygons
2026-09-15 10:44:52 +0200: Memory Usage (433204K) : metal1_slit has 0 polygons
2026-09-15 10:44:52 +0200: Memory Usage (433204K) : metal1 has 3930 polygons
2026-09-15 10:44:52 +0200: Memory Usage (433204K) : metal1_pin has 0 polygons
2026-09-15 10:44:52 +0200: Memory Usage (433528K) : metal1_mask has 0 polygons
2026-09-15 10:44:52 +0200: Memory Usage (433528K) : metal1_nofill has 0 polygons
2026-09-15 10:44:52 +0200: Memory Usage (433528K) : metal1_text has 2836 polygons
2026-09-15 10:44:52 +0200: Memory Usage (433972K) : metal1_OPC has 0 polygons
2026-09-15 10:44:52 +0200: Memory Usage (433972K) : metal1_noqrc has 0 polygons
2026-09-15 10:44:52 +0200: Memory Usage (433972K) : metal1_res has 0 polygons
2026-09-15 10:44:52 +0200: Memory Usage (433972K) : metal1_iprobe has 0 polygons
2026-09-15 10:44:52 +0200: Memory Usage (434236K) : metal1_diffprb has 0 polygons
2026-09-15 10:44:52 +0200: Memory Usage (434236K) : passiv_drw has 0 polygons
2026-09-15 10:44:52 +0200: Memory Usage (434236K) : passiv_pin has 0 polygons
2026-09-15 10:44:52 +0200: Memory Usage (434236K) : passiv_sbump has 0 polygons
2026-09-15 10:44:52 +0200: Memory Usage (434500K) : passiv_pillar has 0 polygons
2026-09-15 10:44:52 +0200: Memory Usage (434500K) : passiv_pdl has 0 polygons
2026-09-15 10:44:52 +0200: Memory Usage (434500K) : metal2_drw has 4924 polygons
2026-09-15 10:44:52 +0200: Memory Usage (434764K) : metal2_filler has 0 polygons
2026-09-15 10:44:52 +0200: Memory Usage (434764K) : metal2_slit has 0 polygons
2026-09-15 10:44:52 +0200: Memory Usage (435028K) : metal2 has 4924 polygons
2026-09-15 10:44:52 +0200: Memory Usage (435028K) : metal2_pin has 41 polygons
2026-09-15 10:44:52 +0200: Memory Usage (435028K) : metal2_mask has 0 polygons
2026-09-15 10:44:52 +0200: Memory Usage (435028K) : metal2_nofill has 0 polygons
2026-09-15 10:44:52 +0200: Memory Usage (435292K) : metal2_text has 63 polygons
2026-09-15 10:44:52 +0200: Memory Usage (435292K) : metal2_OPC has 0 polygons
2026-09-15 10:44:52 +0200: Memory Usage (435292K) : metal2_noqrc has 0 polygons
2026-09-15 10:44:52 +0200: Memory Usage (435556K) : metal2_res has 0 polygons
2026-09-15 10:44:52 +0200: Memory Usage (435556K) : metal2_iprobe has 0 polygons
2026-09-15 10:44:52 +0200: Memory Usage (435556K) : metal2_diffprb has 0 polygons
2026-09-15 10:44:52 +0200: Memory Usage (435556K) : baspoly_drw has 0 polygons
2026-09-15 10:44:52 +0200: Memory Usage (435820K) : baspoly_pin has 0 polygons
2026-09-15 10:44:52 +0200: Memory Usage (435820K) : psd_drw has 1700 polygons
2026-09-15 10:44:52 +0200: Memory Usage (435820K) : nldb_drw has 0 polygons
2026-09-15 10:44:52 +0200: Memory Usage (436084K) : digibnd_drw has 0 polygons
2026-09-15 10:44:52 +0200: Memory Usage (436084K) : via1_drw has 14467 polygons
2026-09-15 10:44:52 +0200: Memory Usage (436084K) : backmetal1_drw has 0 polygons
2026-09-15 10:44:52 +0200: Memory Usage (436084K) : backmetal1_pin has 0 polygons
2026-09-15 10:44:52 +0200: Memory Usage (436348K) : backmetal1_mask has 0 polygons
2026-09-15 10:44:52 +0200: Memory Usage (436348K) : backmetal1_filler has 0 polygons
2026-09-15 10:44:52 +0200: Memory Usage (436348K) : backmetal1_nofill has 0 polygons
2026-09-15 10:44:52 +0200: Memory Usage (436612K) : backmetal1_slit has 0 polygons
2026-09-15 10:44:52 +0200: Memory Usage (436612K) : backmetal1_text has 0 polygons
2026-09-15 10:44:52 +0200: Memory Usage (436612K) : backmetal1_OPC has 0 polygons
2026-09-15 10:44:52 +0200: Memory Usage (436612K) : backmetal1_noqrc has 0 polygons
2026-09-15 10:44:52 +0200: Memory Usage (436876K) : backmetal1_res has 0 polygons
2026-09-15 10:44:52 +0200: Memory Usage (436876K) : backmetal1_iprobe has 0 polygons
2026-09-15 10:44:52 +0200: Memory Usage (436876K) : backmetal1_diffprb has 0 polygons
2026-09-15 10:44:52 +0200: Memory Usage (436876K) : backpassiv_drw has 0 polygons
2026-09-15 10:44:52 +0200: Memory Usage (437140K) : res_drw has 0 polygons
2026-09-15 10:44:52 +0200: Memory Usage (437140K) : sram_drw has 0 polygons
2026-09-15 10:44:52 +0200: Memory Usage (437140K) : trans_drw has 0 polygons
2026-09-15 10:44:52 +0200: Memory Usage (437140K) : ind_drw has 0 polygons
2026-09-15 10:44:52 +0200: Memory Usage (437404K) : ind_pin has 0 polygons
2026-09-15 10:44:52 +0200: Memory Usage (437404K) : ind_text has 0 polygons
2026-09-15 10:44:52 +0200: Memory Usage (437404K) : salblock_drw has 48 polygons
2026-09-15 10:44:52 +0200: Memory Usage (437404K) : via2_drw has 1329 polygons
2026-09-15 10:44:52 +0200: Memory Usage (437668K) : metal3_drw has 952 polygons
2026-09-15 10:44:52 +0200: Memory Usage (437668K) : metal3_filler has 0 polygons
2026-09-15 10:44:52 +0200: Memory Usage (437668K) : metal3_slit has 0 polygons
2026-09-15 10:44:52 +0200: Memory Usage (437932K) : metal3 has 952 polygons
2026-09-15 10:44:52 +0200: Memory Usage (437932K) : metal3_pin has 36 polygons
2026-09-15 10:44:52 +0200: Memory Usage (438196K) : metal3_mask has 0 polygons
2026-09-15 10:44:52 +0200: Memory Usage (438196K) : metal3_nofill has 0 polygons
2026-09-15 10:44:52 +0200: Memory Usage (438196K) : metal3_text has 63 polygons
2026-09-15 10:44:52 +0200: Memory Usage (438196K) : metal3_OPC has 0 polygons
2026-09-15 10:44:52 +0200: Memory Usage (438460K) : metal3_noqrc has 0 polygons
2026-09-15 10:44:52 +0200: Memory Usage (438460K) : metal3_res has 0 polygons
2026-09-15 10:44:52 +0200: Memory Usage (438460K) : metal3_iprobe has 0 polygons
2026-09-15 10:44:52 +0200: Memory Usage (438460K) : metal3_diffprb has 0 polygons
2026-09-15 10:44:52 +0200: Memory Usage (438724K) : nwell_drw has 469 polygons
2026-09-15 10:44:52 +0200: Memory Usage (438724K) : nwell_pin has 1 polygons
2026-09-15 10:44:52 +0200: Memory Usage (438724K) : nwell_text has 0 polygons
2026-09-15 10:44:52 +0200: Memory Usage (438724K) : nbulay_drw has 0 polygons
2026-09-15 10:44:52 +0200: Memory Usage (438988K) : nbulay_pin has 0 polygons
2026-09-15 10:44:52 +0200: Memory Usage (438988K) : nbulay_block has 0 polygons
2026-09-15 10:44:52 +0200: Memory Usage (438988K) : emwind_drw has 0 polygons
2026-09-15 10:44:52 +0200: Memory Usage (438988K) : emwind_OPC has 0 polygons
2026-09-15 10:44:52 +0200: Memory Usage (439252K) : deepco_drw has 0 polygons
2026-09-15 10:44:52 +0200: Memory Usage (439252K) : mim_drw has 88 polygons
2026-09-15 10:44:52 +0200: Memory Usage (439252K) : edgeseal_drw has 0 polygons
2026-09-15 10:44:52 +0200: Memory Usage (439252K) : substrate_drw has 0 polygons
2026-09-15 10:44:52 +0200: Memory Usage (439516K) : substrate_text has 0 polygons
2026-09-15 10:44:52 +0200: Memory Usage (439516K) : dfpad_drw has 0 polygons
2026-09-15 10:44:52 +0200: Memory Usage (439516K) : dfpad_pillar has 0 polygons
2026-09-15 10:44:52 +0200: Memory Usage (439516K) : dfpad_sbump has 0 polygons
2026-09-15 10:44:52 +0200: Memory Usage (439780K) : thickgateox_drw has 0 polygons
2026-09-15 10:44:52 +0200: Memory Usage (439780K) : pldb_drw has 0 polygons
2026-09-15 10:44:52 +0200: Memory Usage (439780K) : pwell_drw has 0 polygons
2026-09-15 10:44:52 +0200: Memory Usage (439780K) : pwell_pin has 0 polygons
2026-09-15 10:44:52 +0200: Memory Usage (439780K) : pwell_block has 0 polygons
2026-09-15 10:44:52 +0200: Memory Usage (439780K) : ic_drw has 0 polygons
2026-09-15 10:44:52 +0200: Memory Usage (439780K) : via3_drw has 1045 polygons
2026-09-15 10:44:52 +0200: Memory Usage (440044K) : metal4_drw has 382 polygons
2026-09-15 10:44:52 +0200: Memory Usage (440044K) : metal4_filler has 0 polygons
2026-09-15 10:44:52 +0200: Memory Usage (440044K) : metal4_slit has 0 polygons
2026-09-15 10:44:52 +0200: Memory Usage (440044K) : metal4 has 382 polygons
2026-09-15 10:44:52 +0200: Memory Usage (440308K) : metal4_pin has 12 polygons
2026-09-15 10:44:52 +0200: Memory Usage (440308K) : metal4_mask has 0 polygons
2026-09-15 10:44:52 +0200: Memory Usage (440308K) : metal4_nofill has 0 polygons
2026-09-15 10:44:52 +0200: Memory Usage (440308K) : metal4_text has 23 polygons
2026-09-15 10:44:52 +0200: Memory Usage (440572K) : metal4_OPC has 0 polygons
2026-09-15 10:44:52 +0200: Memory Usage (440572K) : metal4_noqrc has 0 polygons
2026-09-15 10:44:52 +0200: Memory Usage (440572K) : metal4_res has 0 polygons
2026-09-15 10:44:52 +0200: Memory Usage (440572K) : metal4_iprobe has 0 polygons
2026-09-15 10:44:52 +0200: Memory Usage (440836K) : metal4_diffprb has 0 polygons
2026-09-15 10:44:52 +0200: Memory Usage (440836K) : heattrans_drw has 0 polygons
2026-09-15 10:44:52 +0200: Memory Usage (440836K) : heatres_drw has 48 polygons
2026-09-15 10:44:52 +0200: Memory Usage (441100K) : fbe_drw has 0 polygons
2026-09-15 10:44:52 +0200: Memory Usage (441100K) : empoly_drw has 0 polygons
2026-09-15 10:44:52 +0200: Memory Usage (441100K) : digisub_drw has 0 polygons
2026-09-15 10:44:52 +0200: Memory Usage (441100K) : text_drw has 0 polygons
2026-09-15 10:44:52 +0200: Memory Usage (441364K) : via4_drw has 97 polygons
2026-09-15 10:44:52 +0200: Memory Usage (441364K) : metal5_drw has 172 polygons
2026-09-15 10:44:52 +0200: Memory Usage (441364K) : metal5_filler has 0 polygons
2026-09-15 10:44:52 +0200: Memory Usage (441364K) : metal5_slit has 0 polygons
2026-09-15 10:44:52 +0200: Memory Usage (441628K) : metal5 has 172 polygons
2026-09-15 10:44:52 +0200: Memory Usage (441628K) : metal5_pin has 2 polygons
2026-09-15 10:44:52 +0200: Memory Usage (441628K) : metal5_mask has 0 polygons
2026-09-15 10:44:52 +0200: Memory Usage (441628K) : metal5_nofill has 0 polygons
2026-09-15 10:44:52 +0200: Memory Usage (441892K) : metal5_text has 93 polygons
2026-09-15 10:44:52 +0200: Memory Usage (441892K) : metal5_OPC has 0 polygons
2026-09-15 10:44:52 +0200: Memory Usage (441892K) : metal5_noqrc has 0 polygons
2026-09-15 10:44:52 +0200: Memory Usage (441892K) : metal5_res has 0 polygons
2026-09-15 10:44:52 +0200: Memory Usage (442156K) : metal5_iprobe has 0 polygons
2026-09-15 10:44:52 +0200: Memory Usage (442156K) : metal5_diffprb has 0 polygons
2026-09-15 10:44:52 +0200: Memory Usage (442156K) : radhard_drw has 0 polygons
2026-09-15 10:44:52 +0200: Memory Usage (442420K) : memcap_drw has 0 polygons
2026-09-15 10:44:52 +0200: Memory Usage (442420K) : varicap_drw has 0 polygons
2026-09-15 10:44:52 +0200: Memory Usage (442420K) : intbondvia_drw has 0 polygons
2026-09-15 10:44:52 +0200: Memory Usage (442420K) : intbondmet_drw has 0 polygons
2026-09-15 10:44:52 +0200: Memory Usage (442684K) : devbondvia_drw has 0 polygons
2026-09-15 10:44:52 +0200: Memory Usage (442684K) : devbondmet_drw has 0 polygons
2026-09-15 10:44:52 +0200: Memory Usage (442684K) : devtrench_drw has 0 polygons
2026-09-15 10:44:52 +0200: Memory Usage (442684K) : redist_drw has 0 polygons
2026-09-15 10:44:52 +0200: Memory Usage (442948K) : graphbot_drw has 0 polygons
2026-09-15 10:44:52 +0200: Memory Usage (442948K) : graphtop_drw has 0 polygons
2026-09-15 10:44:52 +0200: Memory Usage (442948K) : antvia1_drw has 0 polygons
2026-09-15 10:44:52 +0200: Memory Usage (442948K) : antmetal2_drw has 0 polygons
2026-09-15 10:44:52 +0200: Memory Usage (443212K) : graphcont_drw has 0 polygons
2026-09-15 10:44:52 +0200: Memory Usage (443212K) : siwg_drw has 0 polygons
2026-09-15 10:44:52 +0200: Memory Usage (443212K) : siwg_filler has 0 polygons
2026-09-15 10:44:52 +0200: Memory Usage (443212K) : siwg_nofill has 0 polygons
2026-09-15 10:44:52 +0200: Memory Usage (443476K) : sigrating_drw has 0 polygons
2026-09-15 10:44:52 +0200: Memory Usage (443476K) : singrating_drw has 0 polygons
2026-09-15 10:44:52 +0200: Memory Usage (443476K) : graphpas_drw has 0 polygons
2026-09-15 10:44:52 +0200: Memory Usage (443476K) : emwind3_drw has 0 polygons
2026-09-15 10:44:52 +0200: Memory Usage (443740K) : emwihv3_drw has 0 polygons
2026-09-15 10:44:52 +0200: Memory Usage (443740K) : redbulay_drw has 0 polygons
2026-09-15 10:44:52 +0200: Memory Usage (443740K) : smos_drw has 0 polygons
2026-09-15 10:44:52 +0200: Memory Usage (443740K) : graphpad_drw has 0 polygons
2026-09-15 10:44:52 +0200: Memory Usage (444004K) : polimide_drw has 0 polygons
2026-09-15 10:44:52 +0200: Memory Usage (444004K) : polimide_pin has 0 polygons
2026-09-15 10:44:52 +0200: Memory Usage (444004K) : recog_drw has 0 polygons
2026-09-15 10:44:52 +0200: Memory Usage (444004K) : recog_pin has 0 polygons
2026-09-15 10:44:52 +0200: Memory Usage (444268K) : recog_esd has 0 polygons
2026-09-15 10:44:52 +0200: Memory Usage (444268K) : recog_diode has 0 polygons
2026-09-15 10:44:53 +0200: Memory Usage (444268K) : recog_tsv has 0 polygons
2026-09-15 10:44:53 +0200: Memory Usage (444268K) : recog_iprobe has 0 polygons
2026-09-15 10:44:53 +0200: Memory Usage (444532K) : recog_diffprb has 0 polygons
2026-09-15 10:44:53 +0200: Memory Usage (444532K) : recog_pillar has 0 polygons
2026-09-15 10:44:53 +0200: Memory Usage (444532K) : recog_sbump has 0 polygons
2026-09-15 10:44:53 +0200: Memory Usage (444532K) : recog_otp has 0 polygons
2026-09-15 10:44:53 +0200: Memory Usage (444796K) : recog_pdiode has 0 polygons
2026-09-15 10:44:53 +0200: Memory Usage (444796K) : recog_mom has 0 polygons
2026-09-15 10:44:53 +0200: Memory Usage (444796K) : recog_momf has 0 polygons
2026-09-15 10:44:53 +0200: Memory Usage (444796K) : recog_pcm has 0 polygons
2026-09-15 10:44:53 +0200: Memory Usage (445060K) : colopen_drw has 0 polygons
2026-09-15 10:44:53 +0200: Memory Usage (445060K) : graphmetal1_drw has 0 polygons
2026-09-15 10:44:53 +0200: Memory Usage (445060K) : graphmetal1_filler has 0 polygons
2026-09-15 10:44:53 +0200: Memory Usage (445060K) : graphmetal1_nofill has 0 polygons
2026-09-15 10:44:53 +0200: Memory Usage (445324K) : graphmetal1_slit has 0 polygons
2026-09-15 10:44:53 +0200: Memory Usage (445324K) : graphmetal1_OPC has 0 polygons
2026-09-15 10:44:53 +0200: Memory Usage (445324K) : graphmet1l_drw has 0 polygons
2026-09-15 10:44:53 +0200: Memory Usage (445324K) : graphmet1l_filler has 0 polygons
2026-09-15 10:44:53 +0200: Memory Usage (445588K) : graphmet1l_nofill has 0 polygons
2026-09-15 10:44:53 +0200: Memory Usage (445588K) : graphmet1l_slit has 0 polygons
2026-09-15 10:44:53 +0200: Memory Usage (445588K) : graphmet1l_OPC has 0 polygons
2026-09-15 10:44:53 +0200: Memory Usage (445588K) : extblock_drw has 48 polygons
2026-09-15 10:44:53 +0200: Memory Usage (445852K) : nldd_drw has 0 polygons
2026-09-15 10:44:53 +0200: Memory Usage (445852K) : pldd_drw has 0 polygons
2026-09-15 10:44:53 +0200: Memory Usage (445852K) : next_drw has 0 polygons
2026-09-15 10:44:53 +0200: Memory Usage (445852K) : pext_drw has 0 polygons
2026-09-15 10:44:53 +0200: Memory Usage (446116K) : nexthv_drw has 0 polygons
2026-09-15 10:44:53 +0200: Memory Usage (446116K) : pexthv_drw has 0 polygons
2026-09-15 10:44:53 +0200: Memory Usage (446116K) : graphgate_drw has 0 polygons
2026-09-15 10:44:53 +0200: Memory Usage (446116K) : sinwg_drw has 0 polygons
2026-09-15 10:44:53 +0200: Memory Usage (446380K) : sinwg_filler has 0 polygons
2026-09-15 10:44:53 +0200: Memory Usage (446380K) : sinwg_nofill has 0 polygons
2026-09-15 10:44:53 +0200: Memory Usage (446380K) : mempad_drw has 0 polygons
2026-09-15 10:44:53 +0200: Memory Usage (446380K) : topvia1_drw has 15 polygons
2026-09-15 10:44:53 +0200: Memory Usage (446644K) : topmetal1_drw has 110 polygons
2026-09-15 10:44:53 +0200: Memory Usage (446644K) : topmetal1_filler has 0 polygons
2026-09-15 10:44:53 +0200: Memory Usage (446644K) : topmetal1_slit has 0 polygons
2026-09-15 10:44:53 +0200: Memory Usage (446908K) : topmetal1 has 110 polygons
2026-09-15 10:44:53 +0200: Memory Usage (446908K) : topmetal1_pin has 5 polygons
2026-09-15 10:44:53 +0200: Memory Usage (446908K) : topmetal1_mask has 0 polygons
2026-09-15 10:44:53 +0200: Memory Usage (446908K) : topmetal1_nofill has 0 polygons
2026-09-15 10:44:53 +0200: Memory Usage (447172K) : topmetal1_text has 93 polygons
2026-09-15 10:44:53 +0200: Memory Usage (447172K) : topmetal1_noqrc has 0 polygons
2026-09-15 10:44:53 +0200: Memory Usage (447172K) : topmetal1_res has 0 polygons
2026-09-15 10:44:53 +0200: Memory Usage (447172K) : topmetal1_iprobe has 0 polygons
2026-09-15 10:44:53 +0200: Memory Usage (447436K) : topmetal1_diffprb has 0 polygons
2026-09-15 10:44:53 +0200: Memory Usage (447436K) : inldpwl_drw has 0 polygons
2026-09-15 10:44:53 +0200: Memory Usage (447436K) : polyres_drw has 48 polygons
2026-09-15 10:44:53 +0200: Memory Usage (447436K) : polyres_pin has 0 polygons
2026-09-15 10:44:53 +0200: Memory Usage (447436K) : vmim_drw has 2212 polygons
2026-09-15 10:44:53 +0200: Memory Usage (447700K) : nbulaycut_drw has 0 polygons
2026-09-15 10:44:53 +0200: Memory Usage (447700K) : antmetal1_drw has 0 polygons
2026-09-15 10:44:53 +0200: Memory Usage (447700K) : topvia2_drw has 0 polygons
2026-09-15 10:44:53 +0200: Memory Usage (447700K) : topmetal2_drw has 0 polygons
2026-09-15 10:44:53 +0200: Memory Usage (447964K) : topmetal2_filler has 0 polygons
2026-09-15 10:44:53 +0200: Memory Usage (447964K) : topmetal2_slit has 0 polygons
2026-09-15 10:44:53 +0200: Memory Usage (447964K) : topmetal2 has 0 polygons
2026-09-15 10:44:53 +0200: Memory Usage (447964K) : topmetal2_pin has 0 polygons
2026-09-15 10:44:53 +0200: Memory Usage (447964K) : topmetal2_mask has 0 polygons
2026-09-15 10:44:53 +0200: Memory Usage (447964K) : topmetal2_nofill has 0 polygons
2026-09-15 10:44:53 +0200: Memory Usage (447964K) : topmetal2_text has 0 polygons
2026-09-15 10:44:53 +0200: Memory Usage (447964K) : topmetal2_noqrc has 0 polygons
2026-09-15 10:44:53 +0200: Memory Usage (447964K) : topmetal2_res has 0 polygons
2026-09-15 10:44:53 +0200: Memory Usage (447964K) : topmetal2_iprobe has 0 polygons
2026-09-15 10:44:53 +0200: Memory Usage (447964K) : topmetal2_diffprb has 0 polygons
2026-09-15 10:44:53 +0200: Memory Usage (447964K) : snsring_drw has 0 polygons
2026-09-15 10:44:53 +0200: Memory Usage (447964K) : sensor_drw has 0 polygons
2026-09-15 10:44:53 +0200: Memory Usage (447964K) : snsarms_drw has 0 polygons
2026-09-15 10:44:53 +0200: Memory Usage (447964K) : snscmosvia_drw has 0 polygons
2026-09-15 10:44:53 +0200: Memory Usage (447964K) : colwind_drw has 0 polygons
2026-09-15 10:44:53 +0200: Memory Usage (447964K) : flm_drw has 0 polygons
2026-09-15 10:44:53 +0200: Memory Usage (447964K) : hafniumox_drw has 0 polygons
2026-09-15 10:44:53 +0200: Memory Usage (447964K) : memvia_drw has 0 polygons
2026-09-15 10:44:53 +0200: Memory Usage (447964K) : thinfilmres_drw has 0 polygons
2026-09-15 10:44:53 +0200: Memory Usage (447964K) : rfmem_drw has 0 polygons
2026-09-15 10:44:53 +0200: Memory Usage (447964K) : norcx_drw has 0 polygons
2026-09-15 10:44:53 +0200: Memory Usage (447964K) : norcx_m2m3 has 0 polygons
2026-09-15 10:44:53 +0200: Memory Usage (447964K) : norcx_m2m4 has 0 polygons
2026-09-15 10:44:53 +0200: Memory Usage (447964K) : norcx_m2m5 has 0 polygons
2026-09-15 10:44:53 +0200: Memory Usage (447964K) : norcx_m2tm1 has 0 polygons
2026-09-15 10:44:53 +0200: Memory Usage (447964K) : norcx_m2tm2 has 0 polygons
2026-09-15 10:44:53 +0200: Memory Usage (447964K) : norcx_m3m4 has 0 polygons
2026-09-15 10:44:53 +0200: Memory Usage (447964K) : norcx_m3m5 has 0 polygons
2026-09-15 10:44:53 +0200: Memory Usage (447964K) : norcx_m3tm1 has 0 polygons
2026-09-15 10:44:53 +0200: Memory Usage (447964K) : norcx_m3tm2 has 0 polygons
2026-09-15 10:44:53 +0200: Memory Usage (447964K) : norcx_m4m5 has 0 polygons
2026-09-15 10:44:53 +0200: Memory Usage (447964K) : norcx_m4tm1 has 0 polygons
2026-09-15 10:44:53 +0200: Memory Usage (447964K) : norcx_m4tm2 has 0 polygons
2026-09-15 10:44:53 +0200: Memory Usage (447964K) : norcx_m5tm1 has 0 polygons
2026-09-15 10:44:53 +0200: Memory Usage (447964K) : norcx_m5tm2 has 0 polygons
2026-09-15 10:44:53 +0200: Memory Usage (447964K) : norcx_tm1tm2 has 0 polygons
2026-09-15 10:44:53 +0200: Memory Usage (447964K) : norcx_m1sub has 0 polygons
2026-09-15 10:44:53 +0200: Memory Usage (447964K) : norcx_m2sub has 0 polygons
2026-09-15 10:44:53 +0200: Memory Usage (447964K) : norcx_m3sub has 0 polygons
2026-09-15 10:44:53 +0200: Memory Usage (447964K) : norcx_m4sub has 0 polygons
2026-09-15 10:44:53 +0200: Memory Usage (447964K) : norcx_m5sub has 0 polygons
2026-09-15 10:44:53 +0200: Memory Usage (447964K) : norcx_tm1sub has 0 polygons
2026-09-15 10:44:53 +0200: Memory Usage (447964K) : norcx_tm2sub has 0 polygons
2026-09-15 10:44:53 +0200: Memory Usage (447964K) : snsbotvia_drw has 0 polygons
2026-09-15 10:44:53 +0200: Memory Usage (447964K) : snstopvia_drw has 0 polygons
2026-09-15 10:44:53 +0200: Memory Usage (447964K) : deepvia_drw has 0 polygons
2026-09-15 10:44:53 +0200: Memory Usage (447964K) : fgetch_drw has 0 polygons
2026-09-15 10:44:53 +0200: Memory Usage (447964K) : ctrgat_drw has 0 polygons
2026-09-15 10:44:53 +0200: Memory Usage (447964K) : fgimp_drw has 0 polygons
2026-09-15 10:44:53 +0200: Memory Usage (447964K) : emwihv_drw has 0 polygons
2026-09-15 10:44:53 +0200: Memory Usage (447964K) : lbe_drw has 0 polygons
2026-09-15 10:44:53 +0200: Memory Usage (447964K) : alcustop_drw has 0 polygons
2026-09-15 10:44:53 +0200: Memory Usage (447964K) : nometfiller_drw has 0 polygons
2026-09-15 10:44:53 +0200: Memory Usage (447964K) : prboundary_drw has 0 polygons
2026-09-15 10:44:53 +0200: Memory Usage (447964K) : exchange0_drw has 0 polygons
2026-09-15 10:44:53 +0200: Memory Usage (447964K) : exchange0_pin has 0 polygons
2026-09-15 10:44:53 +0200: Memory Usage (447964K) : exchange0_text has 0 polygons
2026-09-15 10:44:53 +0200: Memory Usage (447964K) : exchange1_drw has 0 polygons
2026-09-15 10:44:53 +0200: Memory Usage (447964K) : exchange1_pin has 0 polygons
2026-09-15 10:44:53 +0200: Memory Usage (447964K) : exchange1_text has 0 polygons
2026-09-15 10:44:53 +0200: Memory Usage (447964K) : exchange2_drw has 0 polygons
2026-09-15 10:44:53 +0200: Memory Usage (447964K) : exchange2_pin has 0 polygons
2026-09-15 10:44:53 +0200: Memory Usage (447964K) : exchange2_text has 0 polygons
2026-09-15 10:44:53 +0200: Memory Usage (447964K) : exchange3_drw has 0 polygons
2026-09-15 10:44:53 +0200: Memory Usage (447964K) : exchange3_pin has 0 polygons
2026-09-15 10:44:53 +0200: Memory Usage (447964K) : exchange3_text has 0 polygons
2026-09-15 10:44:53 +0200: Memory Usage (447964K) : exchange4_drw has 0 polygons
2026-09-15 10:44:53 +0200: Memory Usage (447964K) : exchange4_pin has 0 polygons
2026-09-15 10:44:53 +0200: Memory Usage (447964K) : exchange4_text has 0 polygons
2026-09-15 10:44:53 +0200: Memory Usage (447964K) : isonwell_drw has 0 polygons
2026-09-15 10:44:53 +0200: Memory Usage (447964K) : Total no. of polygons in the design is 61859
2026-09-15 10:44:53 +0200: Memory Usage (447964K) : Starting base layers derivations
2026-09-15 10:44:53 +0200: Memory Usage (447964K) : Starting general LVS derivations
2026-09-15 10:44:53 +0200: Memory Usage (452500K) : Starting MOSFET DERIVATIONS
2026-09-15 10:44:53 +0200: Memory Usage (452988K) : Starting NMOS DERIVATIONS
2026-09-15 10:44:53 +0200: Memory Usage (452988K) : Starting PMOS DERIVATIONS
2026-09-15 10:44:53 +0200: Memory Usage (452988K) : Starting RF-MOSFET DERIVATIONS
2026-09-15 10:44:53 +0200: Memory Usage (452988K) : Starting RF-NMOS DERIVATIONS
2026-09-15 10:44:53 +0200: Memory Usage (452988K) : Starting RF-PMOS DERIVATIONS
2026-09-15 10:44:53 +0200: Memory Usage (452988K) : Starting BJT DERIVATIONS
2026-09-15 10:44:53 +0200: Memory Usage (452988K) : Starting NPN-BJT DERIVATIONS
2026-09-15 10:44:54 +0200: Memory Usage (452988K) : Starting PNP-BJT DERIVATIONS
2026-09-15 10:44:54 +0200: Memory Usage (453012K) : Starting DIODE DERIVATIONS
2026-09-15 10:44:54 +0200: Memory Usage (453012K) : Starting RESISTOR DERIVATIONS
2026-09-15 10:44:54 +0200: Memory Usage (453104K) : Starting CAP DERIVATIONS
2026-09-15 10:44:55 +0200: Memory Usage (453104K) : Starting CAP_CMOM DERIVATIONS
2026-09-15 10:44:55 +0200: Memory Usage (453104K) : Starting CAP_CMOMF DERIVATIONS
2026-09-15 10:44:55 +0200: Memory Usage (453104K) : Starting ESD DERIVATIONS
2026-09-15 10:44:55 +0200: Memory Usage (453148K) : Starting Inductor DERIVATIONS
2026-09-15 10:44:56 +0200: Memory Usage (453148K) : Starting Taps DERIVATIONS
2026-09-15 10:44:56 +0200: Memory Usage (453148K) : Starting SG13G2 LVS connectivity setup
2026-09-15 10:44:56 +0200: Memory Usage (453148K) : Starting SG13G2 LVS connectivity setup (Inter-layer)
2026-09-15 10:44:56 +0200: Memory Usage (453148K) : Starting SG13G2 LVS connectivity setup (Global)
2026-09-15 10:44:56 +0200: Memory Usage (453148K) : Starting LVS MOSFET CONNECTIONS
2026-09-15 10:44:56 +0200: Memory Usage (453148K) : Starting LVS RF-MOSFET CONNECTIONS
2026-09-15 10:44:56 +0200: Memory Usage (453148K) : Starting LVS BJT CONNECTIONS
2026-09-15 10:44:56 +0200: Memory Usage (453148K) : Starting LVS DIODE CONNECTIONS
2026-09-15 10:44:56 +0200: Memory Usage (453148K) : Starting RESISTOR CONNECTIONS
2026-09-15 10:44:56 +0200: Memory Usage (453148K) : Starting LVS CAP CONNECTIONS
2026-09-15 10:44:56 +0200: Memory Usage (453148K) : Starting CAP_CMOM CONNECTIONS
2026-09-15 10:44:56 +0200: Memory Usage (453148K) : Starting CAP_CMOMF CONNECTIONS
2026-09-15 10:44:56 +0200: Memory Usage (453148K) : Starting ESD CONNECTIONS
2026-09-15 10:44:56 +0200: Memory Usage (453148K) : Starting Inductor CONNECTIONS
2026-09-15 10:44:56 +0200: Memory Usage (453148K) : Starting LVS Taps CONNECTIONS
2026-09-15 10:44:56 +0200: Memory Usage (453148K) : Starting SG13G2 LVS DEVICES EXTRACTION
2026-09-15 10:44:56 +0200: Memory Usage (453148K) : Starting MOSFET EXTRACTION
2026-09-15 10:44:56 +0200: Memory Usage (453148K) : Starting NMOS EXTRACTION
2026-09-15 10:44:56 +0200: Memory Usage (453148K) : Extraction of NMOS-LV transistor
2026-09-15 10:44:56 +0200: Memory Usage (454396K) : Extraction of NMOS-HV transistor
2026-09-15 10:44:56 +0200: Memory Usage (454396K) : Starting PMOS EXTRACTION
2026-09-15 10:44:56 +0200: Memory Usage (454396K) : Extraction of PMOS-LV transistor
2026-09-15 10:44:56 +0200: Memory Usage (454396K) : Extraction of PMOS-HV transistor
2026-09-15 10:44:56 +0200: Memory Usage (454396K) : Starting RF-MOSFET EXTRACTION
2026-09-15 10:44:56 +0200: Memory Usage (454396K) : Extraction of RF-NMOS-LV transistor
2026-09-15 10:44:56 +0200: Memory Usage (454396K) : Extraction of RF-NMOS-HV transistor
2026-09-15 10:44:56 +0200: Memory Usage (454396K) : Extraction of RF-PMOS-LV transistor
2026-09-15 10:44:56 +0200: Memory Usage (454396K) : Extraction of RF-PMOS-HV transistor
2026-09-15 10:44:56 +0200: Memory Usage (454396K) : Starting BJT EXTRACTION
2026-09-15 10:44:56 +0200: Memory Usage (454396K) : Starting NPN-BJT EXTRACTION
2026-09-15 10:44:56 +0200: Memory Usage (454396K) : Extraction of npn13G2 BJT transistor
2026-09-15 10:44:56 +0200: Memory Usage (454396K) : Extraction of npn13G2L BJT transistor
2026-09-15 10:44:56 +0200: Memory Usage (454396K) : Extraction of npn13G2V BJT transistor
2026-09-15 10:44:56 +0200: Memory Usage (454396K) : Starting PNP-BJT EXTRACTION
2026-09-15 10:44:56 +0200: Memory Usage (454396K) : Extracting pnpMPA BJT
2026-09-15 10:44:56 +0200: Memory Usage (454396K) : Starting DIODE EXTRACTION
2026-09-15 10:44:56 +0200: Memory Usage (454396K) : Extracting dantenna diode
2026-09-15 10:44:56 +0200: Memory Usage (454396K) : Extracting dpantenna diode
2026-09-15 10:44:56 +0200: Memory Usage (454396K) : Extracting schottky_nbl1 diode
2026-09-15 10:44:56 +0200: Memory Usage (454396K) : Extracting isolbox diode
2026-09-15 10:44:56 +0200: Memory Usage (454396K) : Starting RESISTOR EXTRACTION
2026-09-15 10:44:56 +0200: Memory Usage (454396K) : Extracting rsil resistor
2026-09-15 10:44:56 +0200: Memory Usage (454396K) : Extracting rppd resistor
2026-09-15 10:44:56 +0200: Memory Usage (454396K) : Extracting rhigh resistor
2026-09-15 10:44:56 +0200: Memory Usage (454396K) : Extracting res_metal1 resistor
2026-09-15 10:44:56 +0200: Memory Usage (454396K) : Extracting res_metal2 resistor
2026-09-15 10:44:56 +0200: Memory Usage (454396K) : Extracting res_metal3 resistor
2026-09-15 10:44:56 +0200: Memory Usage (454396K) : Extracting res_metal4 resistor
2026-09-15 10:44:56 +0200: Memory Usage (454396K) : Extracting res_metal5 resistor
2026-09-15 10:44:56 +0200: Memory Usage (454396K) : Extracting res_topmetal1 resistor
2026-09-15 10:44:56 +0200: Memory Usage (454396K) : Extracting res_topmetal2 resistor
2026-09-15 10:44:56 +0200: Memory Usage (454396K) : Starting CAP EXTRACTION
2026-09-15 10:44:56 +0200: Memory Usage (454396K) : Extracting cap_cmim device
2026-09-15 10:44:56 +0200: Memory Usage (454396K) : Extracting rfcmim device
2026-09-15 10:44:56 +0200: Memory Usage (454396K) : Extracting sg13_hv_svaricap varactor
2026-09-15 10:44:56 +0200: Memory Usage (454396K) : Extracting cap_cmomi device
2026-09-15 10:44:56 +0200: Memory Usage (454396K) : Extracting cap_cmomf device
2026-09-15 10:44:56 +0200: Memory Usage (454396K) : Extracting sg13_moscap_n capacitor
2026-09-15 10:44:56 +0200: Memory Usage (454396K) : Extracting sg13_moscap_p capacitor
2026-09-15 10:44:56 +0200: Memory Usage (454396K) : Starting ESD EXTRACTION
2026-09-15 10:44:56 +0200: Memory Usage (454396K) : Extracting diodevdd_2kv ESD device
2026-09-15 10:44:56 +0200: Memory Usage (454396K) : Extracting diodevdd_4kv ESD device
2026-09-15 10:44:56 +0200: Memory Usage (454396K) : Extracting diodevss_2kv ESD device
2026-09-15 10:44:56 +0200: Memory Usage (454396K) : Extracting diodevss_4kv ESD device
2026-09-15 10:44:56 +0200: Memory Usage (454396K) : Extracting idiodevdd_2kv ESD device
2026-09-15 10:44:56 +0200: Memory Usage (454396K) : Extracting idiodevdd_4kv ESD device
2026-09-15 10:44:56 +0200: Memory Usage (454396K) : Extracting idiodevss_2kv ESD device
2026-09-15 10:44:56 +0200: Memory Usage (454396K) : Extracting idiodevss_4kv ESD device
2026-09-15 10:44:56 +0200: Memory Usage (454396K) : Extracting nmoscl_2 ESD device
2026-09-15 10:44:56 +0200: Memory Usage (454396K) : Extracting nmoscl_4 ESD device
2026-09-15 10:44:56 +0200: Memory Usage (454396K) : Starting Inductor EXTRACTION
2026-09-15 10:44:56 +0200: Memory Usage (454396K) : Extracting Inductor2 device
2026-09-15 10:44:56 +0200: Memory Usage (454396K) : Extracting Inductor3 device
2026-09-15 10:44:56 +0200: Memory Usage (454396K) : Starting Taps EXTRACTION
2026-09-15 10:44:56 +0200: Memory Usage (454396K) : Extracting ntap1 device
2026-09-15 10:44:56 +0200: Memory Usage (454396K) : Extracting ptap1 device
2026-09-15 10:44:56 +0200: Memory Usage (454396K) : Starting SG13G2 LVS RF MOS Model Mapping
2026-09-15 10:44:57 +0200: Memory Usage (454396K) : [layout_netlist] Apply RF MOS model mapping and rfmode parameter.
2026-09-15 10:44:57 +0200: Memory Usage (454396K) : Starting SG13G2 LVS Options Preparations
2026-09-15 10:44:57 +0200: Memory Usage (454396K) : SG13G2 LVS flow: extraction -> alignment -> option preparation -> comparison.
2026-09-15 10:44:57 +0200: Memory Usage (454396K) : Starting SG13G2 LVS Alignment
2026-09-15 10:44:57 +0200: Memory Usage (454396K) : Starting SG13G2 LVS Simplification
2026-09-15 10:44:57 +0200: Memory Usage (454396K) : [layout_netlist] simplify: ENABLED
2026-09-15 10:44:57 +0200: Memory Usage (454396K) : [layout_netlist] make_top_level_pins: SKIPPED
2026-09-15 10:44:57 +0200: Memory Usage (454396K) : [layout_netlist] combine_devices: SKIPPED
2026-09-15 10:44:57 +0200: Memory Usage (454396K) : [layout_netlist] purge: SKIPPED
2026-09-15 10:44:57 +0200: Memory Usage (454396K) : [layout_netlist] purge_nets: SKIPPED
2026-09-15 10:44:57 +0200: Memory Usage (454396K) : [layout_netlist] purge_devices: SKIPPED
2026-09-15 10:44:57 +0200: Memory Usage (454396K) : [schematic_netlist] simplify: ENABLED
2026-09-15 10:44:57 +0200: Memory Usage (454396K) : [schematic_netlist] make_top_level_pins: SKIPPED
2026-09-15 10:44:57 +0200: Memory Usage (454396K) : [schematic_netlist] combine_devices: SKIPPED
2026-09-15 10:44:57 +0200: Memory Usage (454396K) : [schematic_netlist] purge: SKIPPED
2026-09-15 10:44:57 +0200: Memory Usage (454396K) : [schematic_netlist] purge_nets: SKIPPED
2026-09-15 10:44:57 +0200: Memory Usage (454396K) : [schematic_netlist] purge_devices: SKIPPED
2026-09-15 10:44:57 +0200: Memory Usage (454396K) : Starting SG13G2 LVS Comparison in strict port mode.
2026-09-15 10:44:57 +0200: Memory Usage (454396K) : flag_missing_ports enabled: missing/mislabeled top-level ports are treated as errors.
2026-09-15 10:44:57 +0200: Memory Usage (454396K) : xxxxxxxxxxxxxxxxxxxxxxxxxxxxxxxxxxxxxxxxxx
2026-09-15 10:44:57 +0200: Memory Usage (454396K) : ERROR : Netlists don't match
2026-09-15 10:44:57 +0200: Memory Usage (454396K) : xxxxxxxxxxxxxxxxxxxxxxxxxxxxxxxxxxxxxxxxxx
2026-09-15 10:44:57 +0200: Memory Usage (454396K) : LVS Total Run time 4.427914 seconds
2026-09-15 11:14:12 +0200: Memory Usage (432204K) : Starting running SG13G2 Klayout LVS runset on /home/designer/shared/Unic_Cass_IHP/gds/multiplier_top.gds
2026-09-15 11:14:12 +0200: Memory Usage (432204K) : Ruby Version for klayout: 3.0.2
2026-09-15 11:14:12 +0200: Memory Usage (432204K) : Loading database to memory is complete.
2026-09-15 11:14:12 +0200: Memory Usage (432204K) : SG13G2 Klayout LVS runset output at: /home/designer/shared/Unic_Cass_IHP/LVS/lvs_run/multiplier_top.lvsdb
2026-09-15 11:14:12 +0200: Memory Usage (432204K) : Evaluate switches.
2026-09-15 11:14:12 +0200: Memory Usage (432204K) : Extracted netlist with net names: true
2026-09-15 11:14:12 +0200: Memory Usage (432204K) : Extracted netlist with comments in details: false
2026-09-15 11:14:12 +0200: Memory Usage (432204K) : Selected NET_ONLY option: false
2026-09-15 11:14:12 +0200: Memory Usage (432204K) : Selected LAYOUT_NETLIST option: (none)
2026-09-15 11:14:12 +0200: Memory Usage (432204K) : Selected IGNORE_TOP_PORTS_MISMATCH option: 
2026-09-15 11:14:12 +0200: Memory Usage (432204K) : Selected IMPLICIT_NETS option: (none)
2026-09-15 11:14:12 +0200: Memory Usage (432204K) : Selected TOP_LVL_PINS option: false
2026-09-15 11:14:12 +0200: Memory Usage (432204K) : Selected COMBINE DEVICES option: false
2026-09-15 11:14:12 +0200: Memory Usage (432204K) : Selected PURGE option: false
2026-09-15 11:14:12 +0200: Memory Usage (432204K) : Selected PURGE_NETS option: false
2026-09-15 11:14:12 +0200: Memory Usage (432204K) : Selected SIMPLIFY option: true
2026-09-15 11:14:12 +0200: Memory Usage (432204K) : Selected SERIES_RES option: true
2026-09-15 11:14:12 +0200: Memory Usage (432204K) : Selected PARALLEL_RES option: true
2026-09-15 11:14:12 +0200: Memory Usage (432204K) : Selected DISABLE_TAP_EXTRACTION option: false
2026-09-15 11:14:12 +0200: Memory Usage (432204K) : deep  mode is enabled.
2026-09-15 11:14:12 +0200: Memory Usage (433692K) : Netlist file: /home/designer/shared/Unic_Cass_IHP/LVS/multiplier_top.spice
2026-09-15 11:14:12 +0200: Memory Usage (433692K) : LVS extracted netlist at: /home/designer/shared/Unic_Cass_IHP/LVS/lvs_run/multiplier_top_extracted.cir
2026-09-15 11:14:12 +0200: Memory Usage (433692K) : Applying SRAM integration support.
2026-09-15 11:14:12 +0200: Memory Usage (433692K) : Starting SG13G2 LVS runset
2026-09-15 11:14:12 +0200: Memory Usage (433692K) : Read in polygons from layers.
2026-09-15 11:14:12 +0200: Memory Usage (433692K) : activ_drw has 1137 polygons
2026-09-15 11:14:12 +0200: Memory Usage (433692K) : activ_filler has 0 polygons
2026-09-15 11:14:12 +0200: Memory Usage (433692K) : activ has 1137 polygons
2026-09-15 11:14:12 +0200: Memory Usage (433692K) : activ_pin has 0 polygons
2026-09-15 11:14:12 +0200: Memory Usage (433692K) : activ_mask has 0 polygons
2026-09-15 11:14:12 +0200: Memory Usage (433692K) : activ_nofill has 0 polygons
2026-09-15 11:14:12 +0200: Memory Usage (433692K) : activ_OPC has 0 polygons
2026-09-15 11:14:12 +0200: Memory Usage (433692K) : activ_iOPC has 0 polygons
2026-09-15 11:14:12 +0200: Memory Usage (433692K) : activ_noqrc has 0 polygons
2026-09-15 11:14:12 +0200: Memory Usage (433692K) : biwind_drw has 0 polygons
2026-09-15 11:14:12 +0200: Memory Usage (433692K) : biwind_OPC has 0 polygons
2026-09-15 11:14:12 +0200: Memory Usage (435220K) : gatpoly_drw has 1138 polygons
2026-09-15 11:14:12 +0200: Memory Usage (435220K) : gatpoly_filler has 0 polygons
2026-09-15 11:14:12 +0200: Memory Usage (435220K) : gatpoly has 1138 polygons
2026-09-15 11:14:12 +0200: Memory Usage (435220K) : gatpoly_pin has 0 polygons
2026-09-15 11:14:12 +0200: Memory Usage (435220K) : gatpoly_nofill has 0 polygons
2026-09-15 11:14:12 +0200: Memory Usage (435484K) : gatpoly_OPC has 0 polygons
2026-09-15 11:14:12 +0200: Memory Usage (435484K) : gatpoly_iOPC has 0 polygons
2026-09-15 11:14:12 +0200: Memory Usage (435484K) : gatpoly_noqrc has 0 polygons
2026-09-15 11:14:12 +0200: Memory Usage (435484K) : cont_drw has 24184 polygons
2026-09-15 11:14:12 +0200: Memory Usage (435792K) : cont_OPC has 0 polygons
2026-09-15 11:14:12 +0200: Memory Usage (435792K) : nsd_drw has 48 polygons
2026-09-15 11:14:12 +0200: Memory Usage (435792K) : nsd_block has 0 polygons
2026-09-15 11:14:12 +0200: Memory Usage (435792K) : metal1_drw has 3930 polygons
2026-09-15 11:14:12 +0200: Memory Usage (435792K) : metal1_filler has 0 polygons
2026-09-15 11:14:12 +0200: Memory Usage (436056K) : metal1_slit has 0 polygons
2026-09-15 11:14:12 +0200: Memory Usage (436056K) : metal1 has 3930 polygons
2026-09-15 11:14:12 +0200: Memory Usage (436056K) : metal1_pin has 0 polygons
2026-09-15 11:14:12 +0200: Memory Usage (436056K) : metal1_mask has 0 polygons
2026-09-15 11:14:12 +0200: Memory Usage (436376K) : metal1_nofill has 0 polygons
2026-09-15 11:14:12 +0200: Memory Usage (436376K) : metal1_text has 2836 polygons
2026-09-15 11:14:12 +0200: Memory Usage (436376K) : metal1_OPC has 0 polygons
2026-09-15 11:14:12 +0200: Memory Usage (436892K) : metal1_noqrc has 0 polygons
2026-09-15 11:14:12 +0200: Memory Usage (436892K) : metal1_res has 0 polygons
2026-09-15 11:14:12 +0200: Memory Usage (436892K) : metal1_iprobe has 0 polygons
2026-09-15 11:14:12 +0200: Memory Usage (436892K) : metal1_diffprb has 0 polygons
2026-09-15 11:14:12 +0200: Memory Usage (437156K) : passiv_drw has 0 polygons
2026-09-15 11:14:12 +0200: Memory Usage (437156K) : passiv_pin has 0 polygons
2026-09-15 11:14:12 +0200: Memory Usage (437156K) : passiv_sbump has 0 polygons
2026-09-15 11:14:12 +0200: Memory Usage (437156K) : passiv_pillar has 0 polygons
2026-09-15 11:14:12 +0200: Memory Usage (437420K) : passiv_pdl has 0 polygons
2026-09-15 11:14:12 +0200: Memory Usage (437420K) : metal2_drw has 4924 polygons
2026-09-15 11:14:12 +0200: Memory Usage (437684K) : metal2_filler has 0 polygons
2026-09-15 11:14:12 +0200: Memory Usage (437684K) : metal2_slit has 0 polygons
2026-09-15 11:14:12 +0200: Memory Usage (437684K) : metal2 has 4924 polygons
2026-09-15 11:14:12 +0200: Memory Usage (437948K) : metal2_pin has 41 polygons
2026-09-15 11:14:12 +0200: Memory Usage (437948K) : metal2_mask has 0 polygons
2026-09-15 11:14:12 +0200: Memory Usage (437948K) : metal2_nofill has 0 polygons
2026-09-15 11:14:12 +0200: Memory Usage (438212K) : metal2_text has 63 polygons
2026-09-15 11:14:12 +0200: Memory Usage (438212K) : metal2_OPC has 0 polygons
2026-09-15 11:14:12 +0200: Memory Usage (438212K) : metal2_noqrc has 0 polygons
2026-09-15 11:14:12 +0200: Memory Usage (438212K) : metal2_res has 0 polygons
2026-09-15 11:14:12 +0200: Memory Usage (438476K) : metal2_iprobe has 0 polygons
2026-09-15 11:14:12 +0200: Memory Usage (438476K) : metal2_diffprb has 0 polygons
2026-09-15 11:14:12 +0200: Memory Usage (438476K) : baspoly_drw has 0 polygons
2026-09-15 11:14:12 +0200: Memory Usage (438476K) : baspoly_pin has 0 polygons
2026-09-15 11:14:12 +0200: Memory Usage (438740K) : psd_drw has 1700 polygons
2026-09-15 11:14:12 +0200: Memory Usage (438740K) : nldb_drw has 0 polygons
2026-09-15 11:14:12 +0200: Memory Usage (438740K) : digibnd_drw has 0 polygons
2026-09-15 11:14:12 +0200: Memory Usage (439004K) : via1_drw has 14467 polygons
2026-09-15 11:14:12 +0200: Memory Usage (439004K) : backmetal1_drw has 0 polygons
2026-09-15 11:14:12 +0200: Memory Usage (439004K) : backmetal1_pin has 0 polygons
2026-09-15 11:14:12 +0200: Memory Usage (439268K) : backmetal1_mask has 0 polygons
2026-09-15 11:14:12 +0200: Memory Usage (439268K) : backmetal1_filler has 0 polygons
2026-09-15 11:14:12 +0200: Memory Usage (439268K) : backmetal1_nofill has 0 polygons
2026-09-15 11:14:12 +0200: Memory Usage (439268K) : backmetal1_slit has 0 polygons
2026-09-15 11:14:12 +0200: Memory Usage (439532K) : backmetal1_text has 0 polygons
2026-09-15 11:14:12 +0200: Memory Usage (439532K) : backmetal1_OPC has 0 polygons
2026-09-15 11:14:12 +0200: Memory Usage (439532K) : backmetal1_noqrc has 0 polygons
2026-09-15 11:14:12 +0200: Memory Usage (439532K) : backmetal1_res has 0 polygons
2026-09-15 11:14:12 +0200: Memory Usage (439796K) : backmetal1_iprobe has 0 polygons
2026-09-15 11:14:12 +0200: Memory Usage (439796K) : backmetal1_diffprb has 0 polygons
2026-09-15 11:14:12 +0200: Memory Usage (439796K) : backpassiv_drw has 0 polygons
2026-09-15 11:14:12 +0200: Memory Usage (439796K) : res_drw has 0 polygons
2026-09-15 11:14:12 +0200: Memory Usage (440060K) : sram_drw has 0 polygons
2026-09-15 11:14:12 +0200: Memory Usage (440060K) : trans_drw has 0 polygons
2026-09-15 11:14:12 +0200: Memory Usage (440060K) : ind_drw has 0 polygons
2026-09-15 11:14:12 +0200: Memory Usage (440060K) : ind_pin has 0 polygons
2026-09-15 11:14:12 +0200: Memory Usage (440324K) : ind_text has 0 polygons
2026-09-15 11:14:12 +0200: Memory Usage (440324K) : salblock_drw has 48 polygons
2026-09-15 11:14:12 +0200: Memory Usage (440324K) : via2_drw has 1329 polygons
2026-09-15 11:14:12 +0200: Memory Usage (440324K) : metal3_drw has 952 polygons
2026-09-15 11:14:12 +0200: Memory Usage (440588K) : metal3_filler has 0 polygons
2026-09-15 11:14:12 +0200: Memory Usage (440588K) : metal3_slit has 0 polygons
2026-09-15 11:14:12 +0200: Memory Usage (440852K) : metal3 has 952 polygons
2026-09-15 11:14:12 +0200: Memory Usage (440852K) : metal3_pin has 36 polygons
2026-09-15 11:14:12 +0200: Memory Usage (440852K) : metal3_mask has 0 polygons
2026-09-15 11:14:12 +0200: Memory Usage (441116K) : metal3_nofill has 0 polygons
2026-09-15 11:14:12 +0200: Memory Usage (441116K) : metal3_text has 63 polygons
2026-09-15 11:14:12 +0200: Memory Usage (441116K) : metal3_OPC has 0 polygons
2026-09-15 11:14:12 +0200: Memory Usage (441380K) : metal3_noqrc has 0 polygons
2026-09-15 11:14:12 +0200: Memory Usage (441380K) : metal3_res has 0 polygons
2026-09-15 11:14:12 +0200: Memory Usage (441380K) : metal3_iprobe has 0 polygons
2026-09-15 11:14:12 +0200: Memory Usage (441380K) : metal3_diffprb has 0 polygons
2026-09-15 11:14:12 +0200: Memory Usage (441644K) : nwell_drw has 469 polygons
2026-09-15 11:14:12 +0200: Memory Usage (441644K) : nwell_pin has 1 polygons
2026-09-15 11:14:12 +0200: Memory Usage (441644K) : nwell_text has 0 polygons
2026-09-15 11:14:12 +0200: Memory Usage (441644K) : nbulay_drw has 0 polygons
2026-09-15 11:14:12 +0200: Memory Usage (441644K) : nbulay_pin has 0 polygons
2026-09-15 11:14:12 +0200: Memory Usage (441908K) : nbulay_block has 0 polygons
2026-09-15 11:14:12 +0200: Memory Usage (441908K) : emwind_drw has 0 polygons
2026-09-15 11:14:12 +0200: Memory Usage (441908K) : emwind_OPC has 0 polygons
2026-09-15 11:14:12 +0200: Memory Usage (441908K) : deepco_drw has 0 polygons
2026-09-15 11:14:12 +0200: Memory Usage (442172K) : mim_drw has 88 polygons
2026-09-15 11:14:12 +0200: Memory Usage (442172K) : edgeseal_drw has 0 polygons
2026-09-15 11:14:12 +0200: Memory Usage (442172K) : substrate_drw has 0 polygons
2026-09-15 11:14:12 +0200: Memory Usage (442172K) : substrate_text has 0 polygons
2026-09-15 11:14:12 +0200: Memory Usage (442436K) : dfpad_drw has 0 polygons
2026-09-15 11:14:12 +0200: Memory Usage (442436K) : dfpad_pillar has 0 polygons
2026-09-15 11:14:12 +0200: Memory Usage (442436K) : dfpad_sbump has 0 polygons
2026-09-15 11:14:12 +0200: Memory Usage (442436K) : thickgateox_drw has 0 polygons
2026-09-15 11:14:12 +0200: Memory Usage (442700K) : pldb_drw has 0 polygons
2026-09-15 11:14:12 +0200: Memory Usage (442700K) : pwell_drw has 0 polygons
2026-09-15 11:14:12 +0200: Memory Usage (442700K) : pwell_pin has 0 polygons
2026-09-15 11:14:12 +0200: Memory Usage (442700K) : pwell_block has 0 polygons
2026-09-15 11:14:12 +0200: Memory Usage (442700K) : ic_drw has 0 polygons
2026-09-15 11:14:12 +0200: Memory Usage (442700K) : via3_drw has 1045 polygons
2026-09-15 11:14:12 +0200: Memory Usage (442700K) : metal4_drw has 382 polygons
2026-09-15 11:14:12 +0200: Memory Usage (442964K) : metal4_filler has 0 polygons
2026-09-15 11:14:12 +0200: Memory Usage (442964K) : metal4_slit has 0 polygons
2026-09-15 11:14:12 +0200: Memory Usage (442964K) : metal4 has 382 polygons
2026-09-15 11:14:12 +0200: Memory Usage (443228K) : metal4_pin has 12 polygons
2026-09-15 11:14:12 +0200: Memory Usage (443228K) : metal4_mask has 0 polygons
2026-09-15 11:14:12 +0200: Memory Usage (443228K) : metal4_nofill has 0 polygons
2026-09-15 11:14:12 +0200: Memory Usage (443228K) : metal4_text has 23 polygons
2026-09-15 11:14:12 +0200: Memory Usage (443492K) : metal4_OPC has 0 polygons
2026-09-15 11:14:12 +0200: Memory Usage (443492K) : metal4_noqrc has 0 polygons
2026-09-15 11:14:12 +0200: Memory Usage (443492K) : metal4_res has 0 polygons
2026-09-15 11:14:12 +0200: Memory Usage (443492K) : metal4_iprobe has 0 polygons
2026-09-15 11:14:12 +0200: Memory Usage (443756K) : metal4_diffprb has 0 polygons
2026-09-15 11:14:12 +0200: Memory Usage (443756K) : heattrans_drw has 0 polygons
2026-09-15 11:14:12 +0200: Memory Usage (443756K) : heatres_drw has 48 polygons
2026-09-15 11:14:12 +0200: Memory Usage (443756K) : fbe_drw has 0 polygons
2026-09-15 11:14:12 +0200: Memory Usage (444020K) : empoly_drw has 0 polygons
2026-09-15 11:14:12 +0200: Memory Usage (444020K) : digisub_drw has 0 polygons
2026-09-15 11:14:12 +0200: Memory Usage (444020K) : text_drw has 0 polygons
2026-09-15 11:14:12 +0200: Memory Usage (444020K) : via4_drw has 97 polygons
2026-09-15 11:14:12 +0200: Memory Usage (444284K) : metal5_drw has 172 polygons
2026-09-15 11:14:12 +0200: Memory Usage (444284K) : metal5_filler has 0 polygons
2026-09-15 11:14:12 +0200: Memory Usage (444284K) : metal5_slit has 0 polygons
2026-09-15 11:14:12 +0200: Memory Usage (444548K) : metal5 has 172 polygons
2026-09-15 11:14:12 +0200: Memory Usage (444548K) : metal5_pin has 2 polygons
2026-09-15 11:14:12 +0200: Memory Usage (444548K) : metal5_mask has 0 polygons
2026-09-15 11:14:12 +0200: Memory Usage (444548K) : metal5_nofill has 0 polygons
2026-09-15 11:14:12 +0200: Memory Usage (444812K) : metal5_text has 93 polygons
2026-09-15 11:14:12 +0200: Memory Usage (444812K) : metal5_OPC has 0 polygons
2026-09-15 11:14:12 +0200: Memory Usage (444812K) : metal5_noqrc has 0 polygons
2026-09-15 11:14:12 +0200: Memory Usage (444812K) : metal5_res has 0 polygons
2026-09-15 11:14:12 +0200: Memory Usage (445076K) : metal5_iprobe has 0 polygons
2026-09-15 11:14:12 +0200: Memory Usage (445076K) : metal5_diffprb has 0 polygons
2026-09-15 11:14:12 +0200: Memory Usage (445076K) : radhard_drw has 0 polygons
2026-09-15 11:14:12 +0200: Memory Usage (445076K) : memcap_drw has 0 polygons
2026-09-15 11:14:12 +0200: Memory Usage (445340K) : varicap_drw has 0 polygons
2026-09-15 11:14:12 +0200: Memory Usage (445340K) : intbondvia_drw has 0 polygons
2026-09-15 11:14:12 +0200: Memory Usage (445340K) : intbondmet_drw has 0 polygons
2026-09-15 11:14:12 +0200: Memory Usage (445340K) : devbondvia_drw has 0 polygons
2026-09-15 11:14:12 +0200: Memory Usage (445604K) : devbondmet_drw has 0 polygons
2026-09-15 11:14:12 +0200: Memory Usage (445604K) : devtrench_drw has 0 polygons
2026-09-15 11:14:12 +0200: Memory Usage (445604K) : redist_drw has 0 polygons
2026-09-15 11:14:12 +0200: Memory Usage (445868K) : graphbot_drw has 0 polygons
2026-09-15 11:14:12 +0200: Memory Usage (445868K) : graphtop_drw has 0 polygons
2026-09-15 11:14:12 +0200: Memory Usage (445868K) : antvia1_drw has 0 polygons
2026-09-15 11:14:12 +0200: Memory Usage (445868K) : antmetal2_drw has 0 polygons
2026-09-15 11:14:12 +0200: Memory Usage (446132K) : graphcont_drw has 0 polygons
2026-09-15 11:14:12 +0200: Memory Usage (446132K) : siwg_drw has 0 polygons
2026-09-15 11:14:12 +0200: Memory Usage (446132K) : siwg_filler has 0 polygons
2026-09-15 11:14:12 +0200: Memory Usage (446132K) : siwg_nofill has 0 polygons
2026-09-15 11:14:12 +0200: Memory Usage (446396K) : sigrating_drw has 0 polygons
2026-09-15 11:14:12 +0200: Memory Usage (446396K) : singrating_drw has 0 polygons
2026-09-15 11:14:12 +0200: Memory Usage (446396K) : graphpas_drw has 0 polygons
2026-09-15 11:14:12 +0200: Memory Usage (446396K) : emwind3_drw has 0 polygons
2026-09-15 11:14:12 +0200: Memory Usage (446660K) : emwihv3_drw has 0 polygons
2026-09-15 11:14:12 +0200: Memory Usage (446660K) : redbulay_drw has 0 polygons
2026-09-15 11:14:12 +0200: Memory Usage (446660K) : smos_drw has 0 polygons
2026-09-15 11:14:12 +0200: Memory Usage (446660K) : graphpad_drw has 0 polygons
2026-09-15 11:14:12 +0200: Memory Usage (446924K) : polimide_drw has 0 polygons
2026-09-15 11:14:12 +0200: Memory Usage (446924K) : polimide_pin has 0 polygons
2026-09-15 11:14:12 +0200: Memory Usage (446924K) : recog_drw has 0 polygons
2026-09-15 11:14:12 +0200: Memory Usage (446924K) : recog_pin has 0 polygons
2026-09-15 11:14:12 +0200: Memory Usage (446924K) : recog_esd has 0 polygons
2026-09-15 11:14:12 +0200: Memory Usage (447188K) : recog_diode has 0 polygons
2026-09-15 11:14:12 +0200: Memory Usage (447188K) : recog_tsv has 0 polygons
2026-09-15 11:14:12 +0200: Memory Usage (447188K) : recog_iprobe has 0 polygons
2026-09-15 11:14:12 +0200: Memory Usage (447452K) : recog_diffprb has 0 polygons
2026-09-15 11:14:12 +0200: Memory Usage (447452K) : recog_pillar has 0 polygons
2026-09-15 11:14:12 +0200: Memory Usage (447452K) : recog_sbump has 0 polygons
2026-09-15 11:14:12 +0200: Memory Usage (447452K) : recog_otp has 0 polygons
2026-09-15 11:14:12 +0200: Memory Usage (447716K) : recog_pdiode has 0 polygons
2026-09-15 11:14:12 +0200: Memory Usage (447716K) : recog_mom has 0 polygons
2026-09-15 11:14:12 +0200: Memory Usage (447716K) : recog_momf has 0 polygons
2026-09-15 11:14:12 +0200: Memory Usage (447716K) : recog_pcm has 0 polygons
2026-09-15 11:14:12 +0200: Memory Usage (447716K) : colopen_drw has 0 polygons
2026-09-15 11:14:12 +0200: Memory Usage (447980K) : graphmetal1_drw has 0 polygons
2026-09-15 11:14:12 +0200: Memory Usage (447980K) : graphmetal1_filler has 0 polygons
2026-09-15 11:14:12 +0200: Memory Usage (447980K) : graphmetal1_nofill has 0 polygons
2026-09-15 11:14:12 +0200: Memory Usage (447980K) : graphmetal1_slit has 0 polygons
2026-09-15 11:14:12 +0200: Memory Usage (448244K) : graphmetal1_OPC has 0 polygons
2026-09-15 11:14:12 +0200: Memory Usage (448244K) : graphmet1l_drw has 0 polygons
2026-09-15 11:14:12 +0200: Memory Usage (448244K) : graphmet1l_filler has 0 polygons
2026-09-15 11:14:12 +0200: Memory Usage (448244K) : graphmet1l_nofill has 0 polygons
2026-09-15 11:14:12 +0200: Memory Usage (448508K) : graphmet1l_slit has 0 polygons
2026-09-15 11:14:12 +0200: Memory Usage (448508K) : graphmet1l_OPC has 0 polygons
2026-09-15 11:14:12 +0200: Memory Usage (448508K) : extblock_drw has 48 polygons
2026-09-15 11:14:12 +0200: Memory Usage (448508K) : nldd_drw has 0 polygons
2026-09-15 11:14:12 +0200: Memory Usage (448772K) : pldd_drw has 0 polygons
2026-09-15 11:14:12 +0200: Memory Usage (448772K) : next_drw has 0 polygons
2026-09-15 11:14:12 +0200: Memory Usage (448772K) : pext_drw has 0 polygons
2026-09-15 11:14:12 +0200: Memory Usage (448772K) : nexthv_drw has 0 polygons
2026-09-15 11:14:12 +0200: Memory Usage (449036K) : pexthv_drw has 0 polygons
2026-09-15 11:14:12 +0200: Memory Usage (449036K) : graphgate_drw has 0 polygons
2026-09-15 11:14:12 +0200: Memory Usage (449036K) : sinwg_drw has 0 polygons
2026-09-15 11:14:12 +0200: Memory Usage (449036K) : sinwg_filler has 0 polygons
2026-09-15 11:14:12 +0200: Memory Usage (449300K) : sinwg_nofill has 0 polygons
2026-09-15 11:14:12 +0200: Memory Usage (449300K) : mempad_drw has 0 polygons
2026-09-15 11:14:12 +0200: Memory Usage (449300K) : topvia1_drw has 15 polygons
2026-09-15 11:14:12 +0200: Memory Usage (449300K) : topmetal1_drw has 110 polygons
2026-09-15 11:14:12 +0200: Memory Usage (449564K) : topmetal1_filler has 0 polygons
2026-09-15 11:14:12 +0200: Memory Usage (449564K) : topmetal1_slit has 0 polygons
2026-09-15 11:14:12 +0200: Memory Usage (449564K) : topmetal1 has 110 polygons
2026-09-15 11:14:12 +0200: Memory Usage (449564K) : topmetal1_pin has 5 polygons
2026-09-15 11:14:12 +0200: Memory Usage (449564K) : topmetal1_mask has 0 polygons
2026-09-15 11:14:12 +0200: Memory Usage (449564K) : topmetal1_nofill has 0 polygons
2026-09-15 11:14:12 +0200: Memory Usage (449564K) : topmetal1_text has 93 polygons
2026-09-15 11:14:12 +0200: Memory Usage (449564K) : topmetal1_noqrc has 0 polygons
2026-09-15 11:14:12 +0200: Memory Usage (449564K) : topmetal1_res has 0 polygons
2026-09-15 11:14:12 +0200: Memory Usage (449564K) : topmetal1_iprobe has 0 polygons
2026-09-15 11:14:12 +0200: Memory Usage (449564K) : topmetal1_diffprb has 0 polygons
2026-09-15 11:14:12 +0200: Memory Usage (449564K) : inldpwl_drw has 0 polygons
2026-09-15 11:14:12 +0200: Memory Usage (449564K) : polyres_drw has 48 polygons
2026-09-15 11:14:12 +0200: Memory Usage (449564K) : polyres_pin has 0 polygons
2026-09-15 11:14:12 +0200: Memory Usage (449564K) : vmim_drw has 2212 polygons
2026-09-15 11:14:12 +0200: Memory Usage (449564K) : nbulaycut_drw has 0 polygons
2026-09-15 11:14:12 +0200: Memory Usage (449564K) : antmetal1_drw has 0 polygons
2026-09-15 11:14:12 +0200: Memory Usage (449564K) : topvia2_drw has 0 polygons
2026-09-15 11:14:12 +0200: Memory Usage (449564K) : topmetal2_drw has 0 polygons
2026-09-15 11:14:12 +0200: Memory Usage (449564K) : topmetal2_filler has 0 polygons
2026-09-15 11:14:12 +0200: Memory Usage (449564K) : topmetal2_slit has 0 polygons
2026-09-15 11:14:12 +0200: Memory Usage (449564K) : topmetal2 has 0 polygons
2026-09-15 11:14:12 +0200: Memory Usage (449564K) : topmetal2_pin has 0 polygons
2026-09-15 11:14:12 +0200: Memory Usage (449564K) : topmetal2_mask has 0 polygons
2026-09-15 11:14:12 +0200: Memory Usage (449564K) : topmetal2_nofill has 0 polygons
2026-09-15 11:14:12 +0200: Memory Usage (449564K) : topmetal2_text has 0 polygons
2026-09-15 11:14:12 +0200: Memory Usage (449564K) : topmetal2_noqrc has 0 polygons
2026-09-15 11:14:12 +0200: Memory Usage (449564K) : topmetal2_res has 0 polygons
2026-09-15 11:14:12 +0200: Memory Usage (449564K) : topmetal2_iprobe has 0 polygons
2026-09-15 11:14:12 +0200: Memory Usage (449564K) : topmetal2_diffprb has 0 polygons
2026-09-15 11:14:12 +0200: Memory Usage (449564K) : snsring_drw has 0 polygons
2026-09-15 11:14:12 +0200: Memory Usage (449564K) : sensor_drw has 0 polygons
2026-09-15 11:14:12 +0200: Memory Usage (449564K) : snsarms_drw has 0 polygons
2026-09-15 11:14:12 +0200: Memory Usage (449564K) : snscmosvia_drw has 0 polygons
2026-09-15 11:14:12 +0200: Memory Usage (449564K) : colwind_drw has 0 polygons
2026-09-15 11:14:12 +0200: Memory Usage (449564K) : flm_drw has 0 polygons
2026-09-15 11:14:12 +0200: Memory Usage (449564K) : hafniumox_drw has 0 polygons
2026-09-15 11:14:12 +0200: Memory Usage (449564K) : memvia_drw has 0 polygons
2026-09-15 11:14:12 +0200: Memory Usage (449564K) : thinfilmres_drw has 0 polygons
2026-09-15 11:14:12 +0200: Memory Usage (449564K) : rfmem_drw has 0 polygons
2026-09-15 11:14:12 +0200: Memory Usage (449564K) : norcx_drw has 0 polygons
2026-09-15 11:14:12 +0200: Memory Usage (449564K) : norcx_m2m3 has 0 polygons
2026-09-15 11:14:12 +0200: Memory Usage (449564K) : norcx_m2m4 has 0 polygons
2026-09-15 11:14:12 +0200: Memory Usage (449564K) : norcx_m2m5 has 0 polygons
2026-09-15 11:14:12 +0200: Memory Usage (449564K) : norcx_m2tm1 has 0 polygons
2026-09-15 11:14:12 +0200: Memory Usage (449564K) : norcx_m2tm2 has 0 polygons
2026-09-15 11:14:12 +0200: Memory Usage (449564K) : norcx_m3m4 has 0 polygons
2026-09-15 11:14:12 +0200: Memory Usage (449564K) : norcx_m3m5 has 0 polygons
2026-09-15 11:14:12 +0200: Memory Usage (449564K) : norcx_m3tm1 has 0 polygons
2026-09-15 11:14:12 +0200: Memory Usage (449564K) : norcx_m3tm2 has 0 polygons
2026-09-15 11:14:12 +0200: Memory Usage (449564K) : norcx_m4m5 has 0 polygons
2026-09-15 11:14:12 +0200: Memory Usage (449564K) : norcx_m4tm1 has 0 polygons
2026-09-15 11:14:12 +0200: Memory Usage (449564K) : norcx_m4tm2 has 0 polygons
2026-09-15 11:14:12 +0200: Memory Usage (449564K) : norcx_m5tm1 has 0 polygons
2026-09-15 11:14:12 +0200: Memory Usage (449564K) : norcx_m5tm2 has 0 polygons
2026-09-15 11:14:12 +0200: Memory Usage (449564K) : norcx_tm1tm2 has 0 polygons
2026-09-15 11:14:12 +0200: Memory Usage (449564K) : norcx_m1sub has 0 polygons
2026-09-15 11:14:12 +0200: Memory Usage (449564K) : norcx_m2sub has 0 polygons
2026-09-15 11:14:12 +0200: Memory Usage (449564K) : norcx_m3sub has 0 polygons
2026-09-15 11:14:12 +0200: Memory Usage (449564K) : norcx_m4sub has 0 polygons
2026-09-15 11:14:12 +0200: Memory Usage (449564K) : norcx_m5sub has 0 polygons
2026-09-15 11:14:12 +0200: Memory Usage (449564K) : norcx_tm1sub has 0 polygons
2026-09-15 11:14:12 +0200: Memory Usage (449564K) : norcx_tm2sub has 0 polygons
2026-09-15 11:14:12 +0200: Memory Usage (449564K) : snsbotvia_drw has 0 polygons
2026-09-15 11:14:12 +0200: Memory Usage (449564K) : snstopvia_drw has 0 polygons
2026-09-15 11:14:12 +0200: Memory Usage (449564K) : deepvia_drw has 0 polygons
2026-09-15 11:14:12 +0200: Memory Usage (449564K) : fgetch_drw has 0 polygons
2026-09-15 11:14:12 +0200: Memory Usage (449564K) : ctrgat_drw has 0 polygons
2026-09-15 11:14:12 +0200: Memory Usage (449564K) : fgimp_drw has 0 polygons
2026-09-15 11:14:12 +0200: Memory Usage (449564K) : emwihv_drw has 0 polygons
2026-09-15 11:14:12 +0200: Memory Usage (449564K) : lbe_drw has 0 polygons
2026-09-15 11:14:12 +0200: Memory Usage (449564K) : alcustop_drw has 0 polygons
2026-09-15 11:14:12 +0200: Memory Usage (449564K) : nometfiller_drw has 0 polygons
2026-09-15 11:14:12 +0200: Memory Usage (449564K) : prboundary_drw has 0 polygons
2026-09-15 11:14:12 +0200: Memory Usage (449564K) : exchange0_drw has 0 polygons
2026-09-15 11:14:12 +0200: Memory Usage (449564K) : exchange0_pin has 0 polygons
2026-09-15 11:14:12 +0200: Memory Usage (449564K) : exchange0_text has 0 polygons
2026-09-15 11:14:12 +0200: Memory Usage (449564K) : exchange1_drw has 0 polygons
2026-09-15 11:14:12 +0200: Memory Usage (449564K) : exchange1_pin has 0 polygons
2026-09-15 11:14:12 +0200: Memory Usage (449564K) : exchange1_text has 0 polygons
2026-09-15 11:14:12 +0200: Memory Usage (449564K) : exchange2_drw has 0 polygons
2026-09-15 11:14:12 +0200: Memory Usage (449564K) : exchange2_pin has 0 polygons
2026-09-15 11:14:12 +0200: Memory Usage (449564K) : exchange2_text has 0 polygons
2026-09-15 11:14:12 +0200: Memory Usage (449564K) : exchange3_drw has 0 polygons
2026-09-15 11:14:12 +0200: Memory Usage (449564K) : exchange3_pin has 0 polygons
2026-09-15 11:14:12 +0200: Memory Usage (449564K) : exchange3_text has 0 polygons
2026-09-15 11:14:12 +0200: Memory Usage (449564K) : exchange4_drw has 0 polygons
2026-09-15 11:14:12 +0200: Memory Usage (449564K) : exchange4_pin has 0 polygons
2026-09-15 11:14:12 +0200: Memory Usage (449564K) : exchange4_text has 0 polygons
2026-09-15 11:14:12 +0200: Memory Usage (449564K) : isonwell_drw has 0 polygons
2026-09-15 11:14:12 +0200: Memory Usage (449564K) : Total no. of polygons in the design is 61859
2026-09-15 11:14:12 +0200: Memory Usage (449564K) : Starting base layers derivations
2026-09-15 11:14:12 +0200: Memory Usage (449564K) : Starting general LVS derivations
2026-09-15 11:14:13 +0200: Memory Usage (454600K) : Starting MOSFET DERIVATIONS
2026-09-15 11:14:13 +0200: Memory Usage (455084K) : Starting NMOS DERIVATIONS
2026-09-15 11:14:13 +0200: Memory Usage (455084K) : Starting PMOS DERIVATIONS
2026-09-15 11:14:13 +0200: Memory Usage (455084K) : Starting RF-MOSFET DERIVATIONS
2026-09-15 11:14:13 +0200: Memory Usage (455084K) : Starting RF-NMOS DERIVATIONS
2026-09-15 11:14:13 +0200: Memory Usage (455084K) : Starting RF-PMOS DERIVATIONS
2026-09-15 11:14:13 +0200: Memory Usage (455084K) : Starting BJT DERIVATIONS
2026-09-15 11:14:13 +0200: Memory Usage (455084K) : Starting NPN-BJT DERIVATIONS
2026-09-15 11:14:13 +0200: Memory Usage (455084K) : Starting PNP-BJT DERIVATIONS
2026-09-15 11:14:13 +0200: Memory Usage (455112K) : Starting DIODE DERIVATIONS
2026-09-15 11:14:14 +0200: Memory Usage (455116K) : Starting RESISTOR DERIVATIONS
2026-09-15 11:14:14 +0200: Memory Usage (455204K) : Starting CAP DERIVATIONS
2026-09-15 11:14:14 +0200: Memory Usage (455204K) : Starting CAP_CMOM DERIVATIONS
2026-09-15 11:14:14 +0200: Memory Usage (455204K) : Starting CAP_CMOMF DERIVATIONS
2026-09-15 11:14:14 +0200: Memory Usage (455204K) : Starting ESD DERIVATIONS
2026-09-15 11:14:15 +0200: Memory Usage (455244K) : Starting Inductor DERIVATIONS
2026-09-15 11:14:15 +0200: Memory Usage (455244K) : Starting Taps DERIVATIONS
2026-09-15 11:14:15 +0200: Memory Usage (455244K) : Starting SG13G2 LVS connectivity setup
2026-09-15 11:14:15 +0200: Memory Usage (455244K) : Starting SG13G2 LVS connectivity setup (Inter-layer)
2026-09-15 11:14:15 +0200: Memory Usage (455244K) : Starting SG13G2 LVS connectivity setup (Global)
2026-09-15 11:14:15 +0200: Memory Usage (455244K) : Starting LVS MOSFET CONNECTIONS
2026-09-15 11:14:15 +0200: Memory Usage (455244K) : Starting LVS RF-MOSFET CONNECTIONS
2026-09-15 11:14:15 +0200: Memory Usage (455244K) : Starting LVS BJT CONNECTIONS
2026-09-15 11:14:15 +0200: Memory Usage (455244K) : Starting LVS DIODE CONNECTIONS
2026-09-15 11:14:15 +0200: Memory Usage (455244K) : Starting RESISTOR CONNECTIONS
2026-09-15 11:14:15 +0200: Memory Usage (455244K) : Starting LVS CAP CONNECTIONS
2026-09-15 11:14:15 +0200: Memory Usage (455244K) : Starting CAP_CMOM CONNECTIONS
2026-09-15 11:14:15 +0200: Memory Usage (455244K) : Starting CAP_CMOMF CONNECTIONS
2026-09-15 11:14:15 +0200: Memory Usage (455244K) : Starting ESD CONNECTIONS
2026-09-15 11:14:15 +0200: Memory Usage (455244K) : Starting Inductor CONNECTIONS
2026-09-15 11:14:15 +0200: Memory Usage (455244K) : Starting LVS Taps CONNECTIONS
2026-09-15 11:14:15 +0200: Memory Usage (455244K) : Starting SG13G2 LVS DEVICES EXTRACTION
2026-09-15 11:14:15 +0200: Memory Usage (455244K) : Starting MOSFET EXTRACTION
2026-09-15 11:14:15 +0200: Memory Usage (455244K) : Starting NMOS EXTRACTION
2026-09-15 11:14:15 +0200: Memory Usage (455244K) : Extraction of NMOS-LV transistor
2026-09-15 11:14:16 +0200: Memory Usage (455244K) : Extraction of NMOS-HV transistor
2026-09-15 11:14:16 +0200: Memory Usage (455244K) : Starting PMOS EXTRACTION
2026-09-15 11:14:16 +0200: Memory Usage (455244K) : Extraction of PMOS-LV transistor
2026-09-15 11:14:16 +0200: Memory Usage (455244K) : Extraction of PMOS-HV transistor
2026-09-15 11:14:16 +0200: Memory Usage (455244K) : Starting RF-MOSFET EXTRACTION
2026-09-15 11:14:16 +0200: Memory Usage (455244K) : Extraction of RF-NMOS-LV transistor
2026-09-15 11:14:16 +0200: Memory Usage (455244K) : Extraction of RF-NMOS-HV transistor
2026-09-15 11:14:16 +0200: Memory Usage (455244K) : Extraction of RF-PMOS-LV transistor
2026-09-15 11:14:16 +0200: Memory Usage (455244K) : Extraction of RF-PMOS-HV transistor
2026-09-15 11:14:16 +0200: Memory Usage (455244K) : Starting BJT EXTRACTION
2026-09-15 11:14:16 +0200: Memory Usage (455244K) : Starting NPN-BJT EXTRACTION
2026-09-15 11:14:16 +0200: Memory Usage (455244K) : Extraction of npn13G2 BJT transistor
2026-09-15 11:14:16 +0200: Memory Usage (455244K) : Extraction of npn13G2L BJT transistor
2026-09-15 11:14:16 +0200: Memory Usage (455244K) : Extraction of npn13G2V BJT transistor
2026-09-15 11:14:16 +0200: Memory Usage (455244K) : Starting PNP-BJT EXTRACTION
2026-09-15 11:14:16 +0200: Memory Usage (455244K) : Extracting pnpMPA BJT
2026-09-15 11:14:16 +0200: Memory Usage (455244K) : Starting DIODE EXTRACTION
2026-09-15 11:14:16 +0200: Memory Usage (455244K) : Extracting dantenna diode
2026-09-15 11:14:16 +0200: Memory Usage (455244K) : Extracting dpantenna diode
2026-09-15 11:14:16 +0200: Memory Usage (455244K) : Extracting schottky_nbl1 diode
2026-09-15 11:14:16 +0200: Memory Usage (455244K) : Extracting isolbox diode
2026-09-15 11:14:16 +0200: Memory Usage (455244K) : Starting RESISTOR EXTRACTION
2026-09-15 11:14:16 +0200: Memory Usage (455244K) : Extracting rsil resistor
2026-09-15 11:14:16 +0200: Memory Usage (455244K) : Extracting rppd resistor
2026-09-15 11:14:16 +0200: Memory Usage (455244K) : Extracting rhigh resistor
2026-09-15 11:14:16 +0200: Memory Usage (455244K) : Extracting res_metal1 resistor
2026-09-15 11:14:16 +0200: Memory Usage (455244K) : Extracting res_metal2 resistor
2026-09-15 11:14:16 +0200: Memory Usage (455244K) : Extracting res_metal3 resistor
2026-09-15 11:14:16 +0200: Memory Usage (455244K) : Extracting res_metal4 resistor
2026-09-15 11:14:16 +0200: Memory Usage (455244K) : Extracting res_metal5 resistor
2026-09-15 11:14:16 +0200: Memory Usage (455244K) : Extracting res_topmetal1 resistor
2026-09-15 11:14:16 +0200: Memory Usage (455244K) : Extracting res_topmetal2 resistor
2026-09-15 11:14:16 +0200: Memory Usage (455244K) : Starting CAP EXTRACTION
2026-09-15 11:14:16 +0200: Memory Usage (455244K) : Extracting cap_cmim device
2026-09-15 11:14:16 +0200: Memory Usage (455244K) : Extracting rfcmim device
2026-09-15 11:14:16 +0200: Memory Usage (455244K) : Extracting sg13_hv_svaricap varactor
2026-09-15 11:14:16 +0200: Memory Usage (455244K) : Extracting cap_cmomi device
2026-09-15 11:14:16 +0200: Memory Usage (455244K) : Extracting cap_cmomf device
2026-09-15 11:14:16 +0200: Memory Usage (455244K) : Extracting sg13_moscap_n capacitor
2026-09-15 11:14:16 +0200: Memory Usage (455244K) : Extracting sg13_moscap_p capacitor
2026-09-15 11:14:16 +0200: Memory Usage (455244K) : Starting ESD EXTRACTION
2026-09-15 11:14:16 +0200: Memory Usage (455244K) : Extracting diodevdd_2kv ESD device
2026-09-15 11:14:16 +0200: Memory Usage (455244K) : Extracting diodevdd_4kv ESD device
2026-09-15 11:14:16 +0200: Memory Usage (455244K) : Extracting diodevss_2kv ESD device
2026-09-15 11:14:16 +0200: Memory Usage (455244K) : Extracting diodevss_4kv ESD device
2026-09-15 11:14:16 +0200: Memory Usage (455244K) : Extracting idiodevdd_2kv ESD device
2026-09-15 11:14:16 +0200: Memory Usage (455244K) : Extracting idiodevdd_4kv ESD device
2026-09-15 11:14:16 +0200: Memory Usage (455244K) : Extracting idiodevss_2kv ESD device
2026-09-15 11:14:16 +0200: Memory Usage (455244K) : Extracting idiodevss_4kv ESD device
2026-09-15 11:14:16 +0200: Memory Usage (455244K) : Extracting nmoscl_2 ESD device
2026-09-15 11:14:16 +0200: Memory Usage (455244K) : Extracting nmoscl_4 ESD device
2026-09-15 11:14:16 +0200: Memory Usage (455244K) : Starting Inductor EXTRACTION
2026-09-15 11:14:16 +0200: Memory Usage (455244K) : Extracting Inductor2 device
2026-09-15 11:14:16 +0200: Memory Usage (455244K) : Extracting Inductor3 device
2026-09-15 11:14:16 +0200: Memory Usage (455244K) : Starting Taps EXTRACTION
2026-09-15 11:14:16 +0200: Memory Usage (455244K) : Extracting ntap1 device
2026-09-15 11:14:16 +0200: Memory Usage (455244K) : Extracting ptap1 device
2026-09-15 11:14:16 +0200: Memory Usage (455244K) : Starting SG13G2 LVS RF MOS Model Mapping
2026-09-15 11:14:16 +0200: Memory Usage (455244K) : [layout_netlist] Apply RF MOS model mapping and rfmode parameter.
2026-09-15 11:14:16 +0200: Memory Usage (455244K) : Starting SG13G2 LVS Options Preparations
2026-09-15 11:14:16 +0200: Memory Usage (455244K) : SG13G2 LVS flow: extraction -> alignment -> option preparation -> comparison.
2026-09-15 11:14:16 +0200: Memory Usage (455244K) : Starting SG13G2 LVS Alignment
2026-09-15 11:14:16 +0200: Memory Usage (456732K) : Starting SG13G2 LVS Simplification
2026-09-15 11:14:16 +0200: Memory Usage (456732K) : [layout_netlist] simplify: ENABLED
2026-09-15 11:14:16 +0200: Memory Usage (456732K) : [layout_netlist] make_top_level_pins: SKIPPED
2026-09-15 11:14:16 +0200: Memory Usage (456732K) : [layout_netlist] combine_devices: SKIPPED
2026-09-15 11:14:16 +0200: Memory Usage (456732K) : [layout_netlist] purge: SKIPPED
2026-09-15 11:14:16 +0200: Memory Usage (456732K) : [layout_netlist] purge_nets: SKIPPED
2026-09-15 11:14:16 +0200: Memory Usage (456732K) : [layout_netlist] purge_devices: SKIPPED
2026-09-15 11:14:16 +0200: Memory Usage (456732K) : [schematic_netlist] simplify: ENABLED
2026-09-15 11:14:16 +0200: Memory Usage (456732K) : [schematic_netlist] make_top_level_pins: SKIPPED
2026-09-15 11:14:16 +0200: Memory Usage (456732K) : [schematic_netlist] combine_devices: SKIPPED
2026-09-15 11:14:16 +0200: Memory Usage (456732K) : [schematic_netlist] purge: SKIPPED
2026-09-15 11:14:16 +0200: Memory Usage (456732K) : [schematic_netlist] purge_nets: SKIPPED
2026-09-15 11:14:16 +0200: Memory Usage (456732K) : [schematic_netlist] purge_devices: SKIPPED
2026-09-15 11:14:16 +0200: Memory Usage (456732K) : Starting SG13G2 LVS Comparison in strict port mode.
2026-09-15 11:14:16 +0200: Memory Usage (456732K) : flag_missing_ports enabled: missing/mislabeled top-level ports are treated as errors.
2026-09-15 11:14:16 +0200: Memory Usage (456732K) : xxxxxxxxxxxxxxxxxxxxxxxxxxxxxxxxxxxxxxxxxx
2026-09-15 11:14:16 +0200: Memory Usage (456732K) : ERROR : Netlists don't match
2026-09-15 11:14:16 +0200: Memory Usage (456732K) : xxxxxxxxxxxxxxxxxxxxxxxxxxxxxxxxxxxxxxxxxx
2026-09-15 11:14:16 +0200: Memory Usage (456732K) : LVS Total Run time 4.361490 seconds
2026-09-15 11:23:34 +0200: Memory Usage (430432K) : Starting running SG13G2 Klayout LVS runset on /home/designer/shared/Unic_Cass_IHP/gds/multiplier_top.gds
2026-09-15 11:23:34 +0200: Memory Usage (430432K) : Ruby Version for klayout: 3.0.2
2026-09-15 11:23:34 +0200: Memory Usage (430432K) : Loading database to memory is complete.
2026-09-15 11:23:34 +0200: Memory Usage (430432K) : SG13G2 Klayout LVS runset output at: /home/designer/shared/Unic_Cass_IHP/LVS/lvs_run/multiplier_top.lvsdb
2026-09-15 11:23:34 +0200: Memory Usage (430432K) : Evaluate switches.
2026-09-15 11:23:34 +0200: Memory Usage (430432K) : Extracted netlist with net names: true
2026-09-15 11:23:34 +0200: Memory Usage (430432K) : Extracted netlist with comments in details: false
2026-09-15 11:23:34 +0200: Memory Usage (430432K) : Selected NET_ONLY option: false
2026-09-15 11:23:34 +0200: Memory Usage (430432K) : Selected LAYOUT_NETLIST option: (none)
2026-09-15 11:23:34 +0200: Memory Usage (430432K) : Selected IGNORE_TOP_PORTS_MISMATCH option: true
2026-09-15 11:23:34 +0200: Memory Usage (430432K) : Selected IMPLICIT_NETS option: (none)
2026-09-15 11:23:34 +0200: Memory Usage (430432K) : Selected TOP_LVL_PINS option: false
2026-09-15 11:23:34 +0200: Memory Usage (430432K) : Selected COMBINE DEVICES option: false
2026-09-15 11:23:34 +0200: Memory Usage (430432K) : Selected PURGE option: false
2026-09-15 11:23:34 +0200: Memory Usage (430432K) : Selected PURGE_NETS option: false
2026-09-15 11:23:34 +0200: Memory Usage (430432K) : Selected SIMPLIFY option: true
2026-09-15 11:23:34 +0200: Memory Usage (430432K) : Selected SERIES_RES option: true
2026-09-15 11:23:34 +0200: Memory Usage (430432K) : Selected PARALLEL_RES option: true
2026-09-15 11:23:34 +0200: Memory Usage (430432K) : Selected DISABLE_TAP_EXTRACTION option: false
2026-09-15 11:23:34 +0200: Memory Usage (430432K) : deep  mode is enabled.
2026-09-15 11:23:34 +0200: Memory Usage (431960K) : Netlist file: /home/designer/shared/Unic_Cass_IHP/LVS/multiplier_top.spice
2026-09-15 11:23:34 +0200: Memory Usage (431960K) : LVS extracted netlist at: /home/designer/shared/Unic_Cass_IHP/LVS/lvs_run/multiplier_top_extracted.cir
2026-09-15 11:23:34 +0200: Memory Usage (431960K) : Applying SRAM integration support.
2026-09-15 11:23:34 +0200: Memory Usage (431960K) : Starting SG13G2 LVS runset
2026-09-15 11:23:34 +0200: Memory Usage (431960K) : Read in polygons from layers.
2026-09-15 11:23:34 +0200: Memory Usage (431960K) : activ_drw has 1137 polygons
2026-09-15 11:23:34 +0200: Memory Usage (431960K) : activ_filler has 0 polygons
2026-09-15 11:23:34 +0200: Memory Usage (431960K) : activ has 1137 polygons
2026-09-15 11:23:34 +0200: Memory Usage (431960K) : activ_pin has 0 polygons
2026-09-15 11:23:34 +0200: Memory Usage (431960K) : activ_mask has 0 polygons
2026-09-15 11:23:34 +0200: Memory Usage (431960K) : activ_nofill has 0 polygons
2026-09-15 11:23:34 +0200: Memory Usage (431960K) : activ_OPC has 0 polygons
2026-09-15 11:23:34 +0200: Memory Usage (431960K) : activ_iOPC has 0 polygons
2026-09-15 11:23:34 +0200: Memory Usage (431960K) : activ_noqrc has 0 polygons
2026-09-15 11:23:34 +0200: Memory Usage (431960K) : biwind_drw has 0 polygons
2026-09-15 11:23:34 +0200: Memory Usage (431960K) : biwind_OPC has 0 polygons
2026-09-15 11:23:34 +0200: Memory Usage (433392K) : gatpoly_drw has 1138 polygons
2026-09-15 11:23:34 +0200: Memory Usage (433392K) : gatpoly_filler has 0 polygons
2026-09-15 11:23:34 +0200: Memory Usage (433392K) : gatpoly has 1138 polygons
2026-09-15 11:23:34 +0200: Memory Usage (433392K) : gatpoly_pin has 0 polygons
2026-09-15 11:23:34 +0200: Memory Usage (433392K) : gatpoly_nofill has 0 polygons
2026-09-15 11:23:34 +0200: Memory Usage (433392K) : gatpoly_OPC has 0 polygons
2026-09-15 11:23:34 +0200: Memory Usage (433656K) : gatpoly_iOPC has 0 polygons
2026-09-15 11:23:34 +0200: Memory Usage (433656K) : gatpoly_noqrc has 0 polygons
2026-09-15 11:23:34 +0200: Memory Usage (433656K) : cont_drw has 24184 polygons
2026-09-15 11:23:34 +0200: Memory Usage (433656K) : cont_OPC has 0 polygons
2026-09-15 11:23:34 +0200: Memory Usage (433976K) : nsd_drw has 48 polygons
2026-09-15 11:23:34 +0200: Memory Usage (433976K) : nsd_block has 0 polygons
2026-09-15 11:23:34 +0200: Memory Usage (433976K) : metal1_drw has 3930 polygons
2026-09-15 11:23:34 +0200: Memory Usage (433976K) : metal1_filler has 0 polygons
2026-09-15 11:23:34 +0200: Memory Usage (433976K) : metal1_slit has 0 polygons
2026-09-15 11:23:34 +0200: Memory Usage (434240K) : metal1 has 3930 polygons
2026-09-15 11:23:34 +0200: Memory Usage (434240K) : metal1_pin has 0 polygons
2026-09-15 11:23:34 +0200: Memory Usage (434240K) : metal1_mask has 0 polygons
2026-09-15 11:23:34 +0200: Memory Usage (434504K) : metal1_nofill has 0 polygons
2026-09-15 11:23:34 +0200: Memory Usage (434504K) : metal1_text has 2836 polygons
2026-09-15 11:23:34 +0200: Memory Usage (434504K) : metal1_OPC has 0 polygons
2026-09-15 11:23:34 +0200: Memory Usage (434504K) : metal1_noqrc has 0 polygons
2026-09-15 11:23:34 +0200: Memory Usage (434948K) : metal1_res has 0 polygons
2026-09-15 11:23:34 +0200: Memory Usage (434948K) : metal1_iprobe has 0 polygons
2026-09-15 11:23:34 +0200: Memory Usage (434948K) : metal1_diffprb has 0 polygons
2026-09-15 11:23:34 +0200: Memory Usage (434948K) : passiv_drw has 0 polygons
2026-09-15 11:23:34 +0200: Memory Usage (435212K) : passiv_pin has 0 polygons
2026-09-15 11:23:34 +0200: Memory Usage (435212K) : passiv_sbump has 0 polygons
2026-09-15 11:23:34 +0200: Memory Usage (435212K) : passiv_pillar has 0 polygons
2026-09-15 11:23:34 +0200: Memory Usage (435212K) : passiv_pdl has 0 polygons
2026-09-15 11:23:34 +0200: Memory Usage (435476K) : metal2_drw has 4924 polygons
2026-09-15 11:23:34 +0200: Memory Usage (435476K) : metal2_filler has 0 polygons
2026-09-15 11:23:34 +0200: Memory Usage (435740K) : metal2_slit has 0 polygons
2026-09-15 11:23:34 +0200: Memory Usage (435740K) : metal2 has 4924 polygons
2026-09-15 11:23:34 +0200: Memory Usage (436004K) : metal2_pin has 41 polygons
2026-09-15 11:23:34 +0200: Memory Usage (436004K) : metal2_mask has 0 polygons
2026-09-15 11:23:34 +0200: Memory Usage (436004K) : metal2_nofill has 0 polygons
2026-09-15 11:23:34 +0200: Memory Usage (436004K) : metal2_text has 63 polygons
2026-09-15 11:23:34 +0200: Memory Usage (436268K) : metal2_OPC has 0 polygons
2026-09-15 11:23:34 +0200: Memory Usage (436268K) : metal2_noqrc has 0 polygons
2026-09-15 11:23:34 +0200: Memory Usage (436268K) : metal2_res has 0 polygons
2026-09-15 11:23:34 +0200: Memory Usage (436532K) : metal2_iprobe has 0 polygons
2026-09-15 11:23:34 +0200: Memory Usage (436532K) : metal2_diffprb has 0 polygons
2026-09-15 11:23:34 +0200: Memory Usage (436532K) : baspoly_drw has 0 polygons
2026-09-15 11:23:34 +0200: Memory Usage (436532K) : baspoly_pin has 0 polygons
2026-09-15 11:23:34 +0200: Memory Usage (436796K) : psd_drw has 1700 polygons
2026-09-15 11:23:34 +0200: Memory Usage (436796K) : nldb_drw has 0 polygons
2026-09-15 11:23:34 +0200: Memory Usage (436796K) : digibnd_drw has 0 polygons
2026-09-15 11:23:34 +0200: Memory Usage (437060K) : via1_drw has 14467 polygons
2026-09-15 11:23:34 +0200: Memory Usage (437060K) : backmetal1_drw has 0 polygons
2026-09-15 11:23:34 +0200: Memory Usage (437060K) : backmetal1_pin has 0 polygons
2026-09-15 11:23:34 +0200: Memory Usage (437324K) : backmetal1_mask has 0 polygons
2026-09-15 11:23:34 +0200: Memory Usage (437324K) : backmetal1_filler has 0 polygons
2026-09-15 11:23:34 +0200: Memory Usage (437324K) : backmetal1_nofill has 0 polygons
2026-09-15 11:23:34 +0200: Memory Usage (437324K) : backmetal1_slit has 0 polygons
2026-09-15 11:23:34 +0200: Memory Usage (437588K) : backmetal1_text has 0 polygons
2026-09-15 11:23:34 +0200: Memory Usage (437588K) : backmetal1_OPC has 0 polygons
2026-09-15 11:23:34 +0200: Memory Usage (437588K) : backmetal1_noqrc has 0 polygons
2026-09-15 11:23:34 +0200: Memory Usage (437588K) : backmetal1_res has 0 polygons
2026-09-15 11:23:34 +0200: Memory Usage (437852K) : backmetal1_iprobe has 0 polygons
2026-09-15 11:23:34 +0200: Memory Usage (437852K) : backmetal1_diffprb has 0 polygons
2026-09-15 11:23:34 +0200: Memory Usage (437852K) : backpassiv_drw has 0 polygons
2026-09-15 11:23:34 +0200: Memory Usage (437852K) : res_drw has 0 polygons
2026-09-15 11:23:34 +0200: Memory Usage (438116K) : sram_drw has 0 polygons
2026-09-15 11:23:34 +0200: Memory Usage (438116K) : trans_drw has 0 polygons
2026-09-15 11:23:34 +0200: Memory Usage (438116K) : ind_drw has 0 polygons
2026-09-15 11:23:34 +0200: Memory Usage (438116K) : ind_pin has 0 polygons
2026-09-15 11:23:34 +0200: Memory Usage (438380K) : ind_text has 0 polygons
2026-09-15 11:23:34 +0200: Memory Usage (438380K) : salblock_drw has 48 polygons
2026-09-15 11:23:34 +0200: Memory Usage (438380K) : via2_drw has 1329 polygons
2026-09-15 11:23:34 +0200: Memory Usage (438380K) : metal3_drw has 952 polygons
2026-09-15 11:23:34 +0200: Memory Usage (438644K) : metal3_filler has 0 polygons
2026-09-15 11:23:34 +0200: Memory Usage (438644K) : metal3_slit has 0 polygons
2026-09-15 11:23:34 +0200: Memory Usage (438908K) : metal3 has 952 polygons
2026-09-15 11:23:34 +0200: Memory Usage (438908K) : metal3_pin has 36 polygons
2026-09-15 11:23:34 +0200: Memory Usage (438908K) : metal3_mask has 0 polygons
2026-09-15 11:23:34 +0200: Memory Usage (439172K) : metal3_nofill has 0 polygons
2026-09-15 11:23:34 +0200: Memory Usage (439172K) : metal3_text has 63 polygons
2026-09-15 11:23:34 +0200: Memory Usage (439172K) : metal3_OPC has 0 polygons
2026-09-15 11:23:34 +0200: Memory Usage (439172K) : metal3_noqrc has 0 polygons
2026-09-15 11:23:34 +0200: Memory Usage (439436K) : metal3_res has 0 polygons
2026-09-15 11:23:34 +0200: Memory Usage (439436K) : metal3_iprobe has 0 polygons
2026-09-15 11:23:34 +0200: Memory Usage (439436K) : metal3_diffprb has 0 polygons
2026-09-15 11:23:34 +0200: Memory Usage (439436K) : nwell_drw has 469 polygons
2026-09-15 11:23:34 +0200: Memory Usage (439700K) : nwell_pin has 1 polygons
2026-09-15 11:23:34 +0200: Memory Usage (439700K) : nwell_text has 0 polygons
2026-09-15 11:23:34 +0200: Memory Usage (439700K) : nbulay_drw has 0 polygons
2026-09-15 11:23:34 +0200: Memory Usage (439700K) : nbulay_pin has 0 polygons
2026-09-15 11:23:34 +0200: Memory Usage (439964K) : nbulay_block has 0 polygons
2026-09-15 11:23:34 +0200: Memory Usage (439964K) : emwind_drw has 0 polygons
2026-09-15 11:23:34 +0200: Memory Usage (439964K) : emwind_OPC has 0 polygons
2026-09-15 11:23:34 +0200: Memory Usage (439964K) : deepco_drw has 0 polygons
2026-09-15 11:23:34 +0200: Memory Usage (440228K) : mim_drw has 88 polygons
2026-09-15 11:23:34 +0200: Memory Usage (440228K) : edgeseal_drw has 0 polygons
2026-09-15 11:23:34 +0200: Memory Usage (440228K) : substrate_drw has 0 polygons
2026-09-15 11:23:34 +0200: Memory Usage (440228K) : substrate_text has 0 polygons
2026-09-15 11:23:34 +0200: Memory Usage (440492K) : dfpad_drw has 0 polygons
2026-09-15 11:23:34 +0200: Memory Usage (440492K) : dfpad_pillar has 0 polygons
2026-09-15 11:23:34 +0200: Memory Usage (440492K) : dfpad_sbump has 0 polygons
2026-09-15 11:23:34 +0200: Memory Usage (440492K) : thickgateox_drw has 0 polygons
2026-09-15 11:23:34 +0200: Memory Usage (440756K) : pldb_drw has 0 polygons
2026-09-15 11:23:34 +0200: Memory Usage (440756K) : pwell_drw has 0 polygons
2026-09-15 11:23:34 +0200: Memory Usage (440756K) : pwell_pin has 0 polygons
2026-09-15 11:23:34 +0200: Memory Usage (440756K) : pwell_block has 0 polygons
2026-09-15 11:23:34 +0200: Memory Usage (440756K) : ic_drw has 0 polygons
2026-09-15 11:23:34 +0200: Memory Usage (440756K) : via3_drw has 1045 polygons
2026-09-15 11:23:34 +0200: Memory Usage (440756K) : metal4_drw has 382 polygons
2026-09-15 11:23:34 +0200: Memory Usage (441020K) : metal4_filler has 0 polygons
2026-09-15 11:23:34 +0200: Memory Usage (441020K) : metal4_slit has 0 polygons
2026-09-15 11:23:34 +0200: Memory Usage (441020K) : metal4 has 382 polygons
2026-09-15 11:23:34 +0200: Memory Usage (441020K) : metal4_pin has 12 polygons
2026-09-15 11:23:34 +0200: Memory Usage (441284K) : metal4_mask has 0 polygons
2026-09-15 11:23:34 +0200: Memory Usage (441284K) : metal4_nofill has 0 polygons
2026-09-15 11:23:34 +0200: Memory Usage (441284K) : metal4_text has 23 polygons
2026-09-15 11:23:34 +0200: Memory Usage (441284K) : metal4_OPC has 0 polygons
2026-09-15 11:23:34 +0200: Memory Usage (441548K) : metal4_noqrc has 0 polygons
2026-09-15 11:23:34 +0200: Memory Usage (441548K) : metal4_res has 0 polygons
2026-09-15 11:23:34 +0200: Memory Usage (441548K) : metal4_iprobe has 0 polygons
2026-09-15 11:23:34 +0200: Memory Usage (441548K) : metal4_diffprb has 0 polygons
2026-09-15 11:23:34 +0200: Memory Usage (441812K) : heattrans_drw has 0 polygons
2026-09-15 11:23:34 +0200: Memory Usage (441812K) : heatres_drw has 48 polygons
2026-09-15 11:23:34 +0200: Memory Usage (441812K) : fbe_drw has 0 polygons
2026-09-15 11:23:34 +0200: Memory Usage (442076K) : empoly_drw has 0 polygons
2026-09-15 11:23:34 +0200: Memory Usage (442076K) : digisub_drw has 0 polygons
2026-09-15 11:23:34 +0200: Memory Usage (442076K) : text_drw has 0 polygons
2026-09-15 11:23:34 +0200: Memory Usage (442076K) : via4_drw has 97 polygons
2026-09-15 11:23:34 +0200: Memory Usage (442340K) : metal5_drw has 172 polygons
2026-09-15 11:23:34 +0200: Memory Usage (442340K) : metal5_filler has 0 polygons
2026-09-15 11:23:34 +0200: Memory Usage (442340K) : metal5_slit has 0 polygons
2026-09-15 11:23:34 +0200: Memory Usage (442340K) : metal5 has 172 polygons
2026-09-15 11:23:34 +0200: Memory Usage (442604K) : metal5_pin has 2 polygons
2026-09-15 11:23:34 +0200: Memory Usage (442604K) : metal5_mask has 0 polygons
2026-09-15 11:23:34 +0200: Memory Usage (442604K) : metal5_nofill has 0 polygons
2026-09-15 11:23:34 +0200: Memory Usage (442604K) : metal5_text has 93 polygons
2026-09-15 11:23:34 +0200: Memory Usage (442868K) : metal5_OPC has 0 polygons
2026-09-15 11:23:34 +0200: Memory Usage (442868K) : metal5_noqrc has 0 polygons
2026-09-15 11:23:34 +0200: Memory Usage (442868K) : metal5_res has 0 polygons
2026-09-15 11:23:34 +0200: Memory Usage (442868K) : metal5_iprobe has 0 polygons
2026-09-15 11:23:34 +0200: Memory Usage (443132K) : metal5_diffprb has 0 polygons
2026-09-15 11:23:34 +0200: Memory Usage (443132K) : radhard_drw has 0 polygons
2026-09-15 11:23:34 +0200: Memory Usage (443132K) : memcap_drw has 0 polygons
2026-09-15 11:23:34 +0200: Memory Usage (443396K) : varicap_drw has 0 polygons
2026-09-15 11:23:34 +0200: Memory Usage (443396K) : intbondvia_drw has 0 polygons
2026-09-15 11:23:34 +0200: Memory Usage (443396K) : intbondmet_drw has 0 polygons
2026-09-15 11:23:34 +0200: Memory Usage (443396K) : devbondvia_drw has 0 polygons
2026-09-15 11:23:34 +0200: Memory Usage (443660K) : devbondmet_drw has 0 polygons
2026-09-15 11:23:34 +0200: Memory Usage (443660K) : devtrench_drw has 0 polygons
2026-09-15 11:23:34 +0200: Memory Usage (443660K) : redist_drw has 0 polygons
2026-09-15 11:23:34 +0200: Memory Usage (443660K) : graphbot_drw has 0 polygons
2026-09-15 11:23:34 +0200: Memory Usage (443924K) : graphtop_drw has 0 polygons
2026-09-15 11:23:34 +0200: Memory Usage (443924K) : antvia1_drw has 0 polygons
2026-09-15 11:23:34 +0200: Memory Usage (443924K) : antmetal2_drw has 0 polygons
2026-09-15 11:23:34 +0200: Memory Usage (443924K) : graphcont_drw has 0 polygons
2026-09-15 11:23:34 +0200: Memory Usage (444188K) : siwg_drw has 0 polygons
2026-09-15 11:23:34 +0200: Memory Usage (444188K) : siwg_filler has 0 polygons
2026-09-15 11:23:34 +0200: Memory Usage (444188K) : siwg_nofill has 0 polygons
2026-09-15 11:23:34 +0200: Memory Usage (444188K) : sigrating_drw has 0 polygons
2026-09-15 11:23:34 +0200: Memory Usage (444452K) : singrating_drw has 0 polygons
2026-09-15 11:23:34 +0200: Memory Usage (444452K) : graphpas_drw has 0 polygons
2026-09-15 11:23:34 +0200: Memory Usage (444452K) : emwind3_drw has 0 polygons
2026-09-15 11:23:34 +0200: Memory Usage (444452K) : emwihv3_drw has 0 polygons
2026-09-15 11:23:34 +0200: Memory Usage (444716K) : redbulay_drw has 0 polygons
2026-09-15 11:23:34 +0200: Memory Usage (444716K) : smos_drw has 0 polygons
2026-09-15 11:23:34 +0200: Memory Usage (444716K) : graphpad_drw has 0 polygons
2026-09-15 11:23:34 +0200: Memory Usage (444716K) : polimide_drw has 0 polygons
2026-09-15 11:23:34 +0200: Memory Usage (444980K) : polimide_pin has 0 polygons
2026-09-15 11:23:34 +0200: Memory Usage (444980K) : recog_drw has 0 polygons
2026-09-15 11:23:34 +0200: Memory Usage (444980K) : recog_pin has 0 polygons
2026-09-15 11:23:34 +0200: Memory Usage (444980K) : recog_esd has 0 polygons
2026-09-15 11:23:34 +0200: Memory Usage (445244K) : recog_diode has 0 polygons
2026-09-15 11:23:34 +0200: Memory Usage (445244K) : recog_tsv has 0 polygons
2026-09-15 11:23:34 +0200: Memory Usage (445244K) : recog_iprobe has 0 polygons
2026-09-15 11:23:34 +0200: Memory Usage (445244K) : recog_diffprb has 0 polygons
2026-09-15 11:23:34 +0200: Memory Usage (445508K) : recog_pillar has 0 polygons
2026-09-15 11:23:34 +0200: Memory Usage (445508K) : recog_sbump has 0 polygons
2026-09-15 11:23:34 +0200: Memory Usage (445508K) : recog_otp has 0 polygons
2026-09-15 11:23:34 +0200: Memory Usage (445508K) : recog_pdiode has 0 polygons
2026-09-15 11:23:34 +0200: Memory Usage (445772K) : recog_mom has 0 polygons
2026-09-15 11:23:34 +0200: Memory Usage (445772K) : recog_momf has 0 polygons
2026-09-15 11:23:34 +0200: Memory Usage (445772K) : recog_pcm has 0 polygons
2026-09-15 11:23:34 +0200: Memory Usage (445772K) : colopen_drw has 0 polygons
2026-09-15 11:23:34 +0200: Memory Usage (446036K) : graphmetal1_drw has 0 polygons
2026-09-15 11:23:34 +0200: Memory Usage (446036K) : graphmetal1_filler has 0 polygons
2026-09-15 11:23:34 +0200: Memory Usage (446036K) : graphmetal1_nofill has 0 polygons
2026-09-15 11:23:34 +0200: Memory Usage (446036K) : graphmetal1_slit has 0 polygons
2026-09-15 11:23:34 +0200: Memory Usage (446300K) : graphmetal1_OPC has 0 polygons
2026-09-15 11:23:34 +0200: Memory Usage (446300K) : graphmet1l_drw has 0 polygons
2026-09-15 11:23:34 +0200: Memory Usage (446300K) : graphmet1l_filler has 0 polygons
2026-09-15 11:23:34 +0200: Memory Usage (446300K) : graphmet1l_nofill has 0 polygons
2026-09-15 11:23:34 +0200: Memory Usage (446564K) : graphmet1l_slit has 0 polygons
2026-09-15 11:23:34 +0200: Memory Usage (446564K) : graphmet1l_OPC has 0 polygons
2026-09-15 11:23:34 +0200: Memory Usage (446564K) : extblock_drw has 48 polygons
2026-09-15 11:23:34 +0200: Memory Usage (446564K) : nldd_drw has 0 polygons
2026-09-15 11:23:34 +0200: Memory Usage (446828K) : pldd_drw has 0 polygons
2026-09-15 11:23:34 +0200: Memory Usage (446828K) : next_drw has 0 polygons
2026-09-15 11:23:34 +0200: Memory Usage (446828K) : pext_drw has 0 polygons
2026-09-15 11:23:34 +0200: Memory Usage (446828K) : nexthv_drw has 0 polygons
2026-09-15 11:23:34 +0200: Memory Usage (447092K) : pexthv_drw has 0 polygons
2026-09-15 11:23:34 +0200: Memory Usage (447092K) : graphgate_drw has 0 polygons
2026-09-15 11:23:34 +0200: Memory Usage (447092K) : sinwg_drw has 0 polygons
2026-09-15 11:23:34 +0200: Memory Usage (447092K) : sinwg_filler has 0 polygons
2026-09-15 11:23:34 +0200: Memory Usage (447356K) : sinwg_nofill has 0 polygons
2026-09-15 11:23:34 +0200: Memory Usage (447356K) : mempad_drw has 0 polygons
2026-09-15 11:23:34 +0200: Memory Usage (447356K) : topvia1_drw has 15 polygons
2026-09-15 11:23:34 +0200: Memory Usage (447356K) : topmetal1_drw has 110 polygons
2026-09-15 11:23:34 +0200: Memory Usage (447620K) : topmetal1_filler has 0 polygons
2026-09-15 11:23:34 +0200: Memory Usage (447620K) : topmetal1_slit has 0 polygons
2026-09-15 11:23:34 +0200: Memory Usage (447620K) : topmetal1 has 110 polygons
2026-09-15 11:23:34 +0200: Memory Usage (447884K) : topmetal1_pin has 5 polygons
2026-09-15 11:23:34 +0200: Memory Usage (447884K) : topmetal1_mask has 0 polygons
2026-09-15 11:23:34 +0200: Memory Usage (447884K) : topmetal1_nofill has 0 polygons
2026-09-15 11:23:34 +0200: Memory Usage (447884K) : topmetal1_text has 93 polygons
2026-09-15 11:23:34 +0200: Memory Usage (448148K) : topmetal1_noqrc has 0 polygons
2026-09-15 11:23:34 +0200: Memory Usage (448148K) : topmetal1_res has 0 polygons
2026-09-15 11:23:34 +0200: Memory Usage (448148K) : topmetal1_iprobe has 0 polygons
2026-09-15 11:23:34 +0200: Memory Usage (448148K) : topmetal1_diffprb has 0 polygons
2026-09-15 11:23:34 +0200: Memory Usage (448148K) : inldpwl_drw has 0 polygons
2026-09-15 11:23:34 +0200: Memory Usage (448412K) : polyres_drw has 48 polygons
2026-09-15 11:23:34 +0200: Memory Usage (448412K) : polyres_pin has 0 polygons
2026-09-15 11:23:34 +0200: Memory Usage (448412K) : vmim_drw has 2212 polygons
2026-09-15 11:23:34 +0200: Memory Usage (448412K) : nbulaycut_drw has 0 polygons
2026-09-15 11:23:34 +0200: Memory Usage (448412K) : antmetal1_drw has 0 polygons
2026-09-15 11:23:34 +0200: Memory Usage (448412K) : topvia2_drw has 0 polygons
2026-09-15 11:23:34 +0200: Memory Usage (448412K) : topmetal2_drw has 0 polygons
2026-09-15 11:23:34 +0200: Memory Usage (448412K) : topmetal2_filler has 0 polygons
2026-09-15 11:23:34 +0200: Memory Usage (448412K) : topmetal2_slit has 0 polygons
2026-09-15 11:23:34 +0200: Memory Usage (448412K) : topmetal2 has 0 polygons
2026-09-15 11:23:34 +0200: Memory Usage (448412K) : topmetal2_pin has 0 polygons
2026-09-15 11:23:34 +0200: Memory Usage (448412K) : topmetal2_mask has 0 polygons
2026-09-15 11:23:34 +0200: Memory Usage (448412K) : topmetal2_nofill has 0 polygons
2026-09-15 11:23:34 +0200: Memory Usage (448412K) : topmetal2_text has 0 polygons
2026-09-15 11:23:34 +0200: Memory Usage (448412K) : topmetal2_noqrc has 0 polygons
2026-09-15 11:23:34 +0200: Memory Usage (448412K) : topmetal2_res has 0 polygons
2026-09-15 11:23:34 +0200: Memory Usage (448412K) : topmetal2_iprobe has 0 polygons
2026-09-15 11:23:34 +0200: Memory Usage (448412K) : topmetal2_diffprb has 0 polygons
2026-09-15 11:23:34 +0200: Memory Usage (448412K) : snsring_drw has 0 polygons
2026-09-15 11:23:34 +0200: Memory Usage (448412K) : sensor_drw has 0 polygons
2026-09-15 11:23:34 +0200: Memory Usage (448412K) : snsarms_drw has 0 polygons
2026-09-15 11:23:34 +0200: Memory Usage (448412K) : snscmosvia_drw has 0 polygons
2026-09-15 11:23:34 +0200: Memory Usage (448412K) : colwind_drw has 0 polygons
2026-09-15 11:23:34 +0200: Memory Usage (448412K) : flm_drw has 0 polygons
2026-09-15 11:23:34 +0200: Memory Usage (448412K) : hafniumox_drw has 0 polygons
2026-09-15 11:23:34 +0200: Memory Usage (448412K) : memvia_drw has 0 polygons
2026-09-15 11:23:34 +0200: Memory Usage (448412K) : thinfilmres_drw has 0 polygons
2026-09-15 11:23:34 +0200: Memory Usage (448412K) : rfmem_drw has 0 polygons
2026-09-15 11:23:34 +0200: Memory Usage (448412K) : norcx_drw has 0 polygons
2026-09-15 11:23:34 +0200: Memory Usage (448412K) : norcx_m2m3 has 0 polygons
2026-09-15 11:23:34 +0200: Memory Usage (448412K) : norcx_m2m4 has 0 polygons
2026-09-15 11:23:34 +0200: Memory Usage (448412K) : norcx_m2m5 has 0 polygons
2026-09-15 11:23:34 +0200: Memory Usage (448412K) : norcx_m2tm1 has 0 polygons
2026-09-15 11:23:34 +0200: Memory Usage (448412K) : norcx_m2tm2 has 0 polygons
2026-09-15 11:23:34 +0200: Memory Usage (448412K) : norcx_m3m4 has 0 polygons
2026-09-15 11:23:34 +0200: Memory Usage (448412K) : norcx_m3m5 has 0 polygons
2026-09-15 11:23:34 +0200: Memory Usage (448412K) : norcx_m3tm1 has 0 polygons
2026-09-15 11:23:34 +0200: Memory Usage (448412K) : norcx_m3tm2 has 0 polygons
2026-09-15 11:23:34 +0200: Memory Usage (448412K) : norcx_m4m5 has 0 polygons
2026-09-15 11:23:34 +0200: Memory Usage (448412K) : norcx_m4tm1 has 0 polygons
2026-09-15 11:23:34 +0200: Memory Usage (448412K) : norcx_m4tm2 has 0 polygons
2026-09-15 11:23:34 +0200: Memory Usage (448412K) : norcx_m5tm1 has 0 polygons
2026-09-15 11:23:34 +0200: Memory Usage (448412K) : norcx_m5tm2 has 0 polygons
2026-09-15 11:23:34 +0200: Memory Usage (448412K) : norcx_tm1tm2 has 0 polygons
2026-09-15 11:23:34 +0200: Memory Usage (448412K) : norcx_m1sub has 0 polygons
2026-09-15 11:23:34 +0200: Memory Usage (448412K) : norcx_m2sub has 0 polygons
2026-09-15 11:23:34 +0200: Memory Usage (448412K) : norcx_m3sub has 0 polygons
2026-09-15 11:23:34 +0200: Memory Usage (448412K) : norcx_m4sub has 0 polygons
2026-09-15 11:23:34 +0200: Memory Usage (448412K) : norcx_m5sub has 0 polygons
2026-09-15 11:23:34 +0200: Memory Usage (448412K) : norcx_tm1sub has 0 polygons
2026-09-15 11:23:34 +0200: Memory Usage (448412K) : norcx_tm2sub has 0 polygons
2026-09-15 11:23:34 +0200: Memory Usage (448412K) : snsbotvia_drw has 0 polygons
2026-09-15 11:23:34 +0200: Memory Usage (448412K) : snstopvia_drw has 0 polygons
2026-09-15 11:23:34 +0200: Memory Usage (448412K) : deepvia_drw has 0 polygons
2026-09-15 11:23:34 +0200: Memory Usage (448412K) : fgetch_drw has 0 polygons
2026-09-15 11:23:34 +0200: Memory Usage (448412K) : ctrgat_drw has 0 polygons
2026-09-15 11:23:34 +0200: Memory Usage (448412K) : fgimp_drw has 0 polygons
2026-09-15 11:23:34 +0200: Memory Usage (448412K) : emwihv_drw has 0 polygons
2026-09-15 11:23:34 +0200: Memory Usage (448412K) : lbe_drw has 0 polygons
2026-09-15 11:23:34 +0200: Memory Usage (448412K) : alcustop_drw has 0 polygons
2026-09-15 11:23:34 +0200: Memory Usage (448412K) : nometfiller_drw has 0 polygons
2026-09-15 11:23:34 +0200: Memory Usage (448412K) : prboundary_drw has 0 polygons
2026-09-15 11:23:34 +0200: Memory Usage (448412K) : exchange0_drw has 0 polygons
2026-09-15 11:23:34 +0200: Memory Usage (448412K) : exchange0_pin has 0 polygons
2026-09-15 11:23:34 +0200: Memory Usage (448412K) : exchange0_text has 0 polygons
2026-09-15 11:23:34 +0200: Memory Usage (448412K) : exchange1_drw has 0 polygons
2026-09-15 11:23:34 +0200: Memory Usage (448412K) : exchange1_pin has 0 polygons
2026-09-15 11:23:34 +0200: Memory Usage (448412K) : exchange1_text has 0 polygons
2026-09-15 11:23:34 +0200: Memory Usage (448412K) : exchange2_drw has 0 polygons
2026-09-15 11:23:34 +0200: Memory Usage (448412K) : exchange2_pin has 0 polygons
2026-09-15 11:23:34 +0200: Memory Usage (448412K) : exchange2_text has 0 polygons
2026-09-15 11:23:34 +0200: Memory Usage (448412K) : exchange3_drw has 0 polygons
2026-09-15 11:23:34 +0200: Memory Usage (448412K) : exchange3_pin has 0 polygons
2026-09-15 11:23:34 +0200: Memory Usage (448412K) : exchange3_text has 0 polygons
2026-09-15 11:23:34 +0200: Memory Usage (448412K) : exchange4_drw has 0 polygons
2026-09-15 11:23:34 +0200: Memory Usage (448412K) : exchange4_pin has 0 polygons
2026-09-15 11:23:34 +0200: Memory Usage (448412K) : exchange4_text has 0 polygons
2026-09-15 11:23:34 +0200: Memory Usage (448412K) : isonwell_drw has 0 polygons
2026-09-15 11:23:34 +0200: Memory Usage (448412K) : Total no. of polygons in the design is 61859
2026-09-15 11:23:34 +0200: Memory Usage (448412K) : Starting base layers derivations
2026-09-15 11:23:34 +0200: Memory Usage (448412K) : Starting general LVS derivations
2026-09-15 11:23:35 +0200: Memory Usage (453336K) : Starting MOSFET DERIVATIONS
2026-09-15 11:23:35 +0200: Memory Usage (453820K) : Starting NMOS DERIVATIONS
2026-09-15 11:23:35 +0200: Memory Usage (453820K) : Starting PMOS DERIVATIONS
2026-09-15 11:23:35 +0200: Memory Usage (453820K) : Starting RF-MOSFET DERIVATIONS
2026-09-15 11:23:35 +0200: Memory Usage (453820K) : Starting RF-NMOS DERIVATIONS
2026-09-15 11:23:35 +0200: Memory Usage (453820K) : Starting RF-PMOS DERIVATIONS
2026-09-15 11:23:35 +0200: Memory Usage (453820K) : Starting BJT DERIVATIONS
2026-09-15 11:23:35 +0200: Memory Usage (453820K) : Starting NPN-BJT DERIVATIONS
2026-09-15 11:23:35 +0200: Memory Usage (453820K) : Starting PNP-BJT DERIVATIONS
2026-09-15 11:23:35 +0200: Memory Usage (453848K) : Starting DIODE DERIVATIONS
2026-09-15 11:23:35 +0200: Memory Usage (453864K) : Starting RESISTOR DERIVATIONS
2026-09-15 11:23:36 +0200: Memory Usage (453972K) : Starting CAP DERIVATIONS
2026-09-15 11:23:36 +0200: Memory Usage (453972K) : Starting CAP_CMOM DERIVATIONS
2026-09-15 11:23:36 +0200: Memory Usage (453972K) : Starting CAP_CMOMF DERIVATIONS
2026-09-15 11:23:36 +0200: Memory Usage (453972K) : Starting ESD DERIVATIONS
2026-09-15 11:23:37 +0200: Memory Usage (454012K) : Starting Inductor DERIVATIONS
2026-09-15 11:23:37 +0200: Memory Usage (454012K) : Starting Taps DERIVATIONS
2026-09-15 11:23:37 +0200: Memory Usage (454012K) : Starting SG13G2 LVS connectivity setup
2026-09-15 11:23:37 +0200: Memory Usage (454012K) : Starting SG13G2 LVS connectivity setup (Inter-layer)
2026-09-15 11:23:37 +0200: Memory Usage (454012K) : Starting SG13G2 LVS connectivity setup (Global)
2026-09-15 11:23:37 +0200: Memory Usage (454012K) : Starting LVS MOSFET CONNECTIONS
2026-09-15 11:23:37 +0200: Memory Usage (454012K) : Starting LVS RF-MOSFET CONNECTIONS
2026-09-15 11:23:37 +0200: Memory Usage (454012K) : Starting LVS BJT CONNECTIONS
2026-09-15 11:23:37 +0200: Memory Usage (454012K) : Starting LVS DIODE CONNECTIONS
2026-09-15 11:23:37 +0200: Memory Usage (454012K) : Starting RESISTOR CONNECTIONS
2026-09-15 11:23:37 +0200: Memory Usage (454012K) : Starting LVS CAP CONNECTIONS
2026-09-15 11:23:37 +0200: Memory Usage (454012K) : Starting CAP_CMOM CONNECTIONS
2026-09-15 11:23:37 +0200: Memory Usage (454012K) : Starting CAP_CMOMF CONNECTIONS
2026-09-15 11:23:37 +0200: Memory Usage (454012K) : Starting ESD CONNECTIONS
2026-09-15 11:23:37 +0200: Memory Usage (454012K) : Starting Inductor CONNECTIONS
2026-09-15 11:23:37 +0200: Memory Usage (454012K) : Starting LVS Taps CONNECTIONS
2026-09-15 11:23:37 +0200: Memory Usage (454012K) : Starting SG13G2 LVS DEVICES EXTRACTION
2026-09-15 11:23:37 +0200: Memory Usage (454012K) : Starting MOSFET EXTRACTION
2026-09-15 11:23:37 +0200: Memory Usage (454012K) : Starting NMOS EXTRACTION
2026-09-15 11:23:37 +0200: Memory Usage (454012K) : Extraction of NMOS-LV transistor
2026-09-15 11:23:37 +0200: Memory Usage (454012K) : Extraction of NMOS-HV transistor
2026-09-15 11:23:37 +0200: Memory Usage (454012K) : Starting PMOS EXTRACTION
2026-09-15 11:23:37 +0200: Memory Usage (454012K) : Extraction of PMOS-LV transistor
2026-09-15 11:23:37 +0200: Memory Usage (454012K) : Extraction of PMOS-HV transistor
2026-09-15 11:23:37 +0200: Memory Usage (454012K) : Starting RF-MOSFET EXTRACTION
2026-09-15 11:23:37 +0200: Memory Usage (454012K) : Extraction of RF-NMOS-LV transistor
2026-09-15 11:23:37 +0200: Memory Usage (454012K) : Extraction of RF-NMOS-HV transistor
2026-09-15 11:23:37 +0200: Memory Usage (454012K) : Extraction of RF-PMOS-LV transistor
2026-09-15 11:23:37 +0200: Memory Usage (454012K) : Extraction of RF-PMOS-HV transistor
2026-09-15 11:23:37 +0200: Memory Usage (454012K) : Starting BJT EXTRACTION
2026-09-15 11:23:37 +0200: Memory Usage (454012K) : Starting NPN-BJT EXTRACTION
2026-09-15 11:23:37 +0200: Memory Usage (454012K) : Extraction of npn13G2 BJT transistor
2026-09-15 11:23:37 +0200: Memory Usage (454012K) : Extraction of npn13G2L BJT transistor
2026-09-15 11:23:37 +0200: Memory Usage (454012K) : Extraction of npn13G2V BJT transistor
2026-09-15 11:23:37 +0200: Memory Usage (454012K) : Starting PNP-BJT EXTRACTION
2026-09-15 11:23:37 +0200: Memory Usage (454012K) : Extracting pnpMPA BJT
2026-09-15 11:23:37 +0200: Memory Usage (454012K) : Starting DIODE EXTRACTION
2026-09-15 11:23:37 +0200: Memory Usage (454012K) : Extracting dantenna diode
2026-09-15 11:23:37 +0200: Memory Usage (454012K) : Extracting dpantenna diode
2026-09-15 11:23:37 +0200: Memory Usage (454012K) : Extracting schottky_nbl1 diode
2026-09-15 11:23:37 +0200: Memory Usage (454012K) : Extracting isolbox diode
2026-09-15 11:23:37 +0200: Memory Usage (454012K) : Starting RESISTOR EXTRACTION
2026-09-15 11:23:37 +0200: Memory Usage (454012K) : Extracting rsil resistor
2026-09-15 11:23:37 +0200: Memory Usage (454012K) : Extracting rppd resistor
2026-09-15 11:23:37 +0200: Memory Usage (454012K) : Extracting rhigh resistor
2026-09-15 11:23:37 +0200: Memory Usage (454012K) : Extracting res_metal1 resistor
2026-09-15 11:23:38 +0200: Memory Usage (454012K) : Extracting res_metal2 resistor
2026-09-15 11:23:38 +0200: Memory Usage (454012K) : Extracting res_metal3 resistor
2026-09-15 11:23:38 +0200: Memory Usage (454012K) : Extracting res_metal4 resistor
2026-09-15 11:23:38 +0200: Memory Usage (454012K) : Extracting res_metal5 resistor
2026-09-15 11:23:38 +0200: Memory Usage (454012K) : Extracting res_topmetal1 resistor
2026-09-15 11:23:38 +0200: Memory Usage (454012K) : Extracting res_topmetal2 resistor
2026-09-15 11:23:38 +0200: Memory Usage (454012K) : Starting CAP EXTRACTION
2026-09-15 11:23:38 +0200: Memory Usage (454012K) : Extracting cap_cmim device
2026-09-15 11:23:38 +0200: Memory Usage (454012K) : Extracting rfcmim device
2026-09-15 11:23:38 +0200: Memory Usage (454012K) : Extracting sg13_hv_svaricap varactor
2026-09-15 11:23:38 +0200: Memory Usage (454012K) : Extracting cap_cmomi device
2026-09-15 11:23:38 +0200: Memory Usage (454012K) : Extracting cap_cmomf device
2026-09-15 11:23:38 +0200: Memory Usage (454012K) : Extracting sg13_moscap_n capacitor
2026-09-15 11:23:38 +0200: Memory Usage (454012K) : Extracting sg13_moscap_p capacitor
2026-09-15 11:23:38 +0200: Memory Usage (454012K) : Starting ESD EXTRACTION
2026-09-15 11:23:38 +0200: Memory Usage (454012K) : Extracting diodevdd_2kv ESD device
2026-09-15 11:23:38 +0200: Memory Usage (454012K) : Extracting diodevdd_4kv ESD device
2026-09-15 11:23:38 +0200: Memory Usage (454012K) : Extracting diodevss_2kv ESD device
2026-09-15 11:23:38 +0200: Memory Usage (454012K) : Extracting diodevss_4kv ESD device
2026-09-15 11:23:38 +0200: Memory Usage (454012K) : Extracting idiodevdd_2kv ESD device
2026-09-15 11:23:38 +0200: Memory Usage (454012K) : Extracting idiodevdd_4kv ESD device
2026-09-15 11:23:38 +0200: Memory Usage (454012K) : Extracting idiodevss_2kv ESD device
2026-09-15 11:23:38 +0200: Memory Usage (454012K) : Extracting idiodevss_4kv ESD device
2026-09-15 11:23:38 +0200: Memory Usage (454012K) : Extracting nmoscl_2 ESD device
2026-09-15 11:23:38 +0200: Memory Usage (454012K) : Extracting nmoscl_4 ESD device
2026-09-15 11:23:38 +0200: Memory Usage (454012K) : Starting Inductor EXTRACTION
2026-09-15 11:23:38 +0200: Memory Usage (454012K) : Extracting Inductor2 device
2026-09-15 11:23:38 +0200: Memory Usage (454012K) : Extracting Inductor3 device
2026-09-15 11:23:38 +0200: Memory Usage (454012K) : Starting Taps EXTRACTION
2026-09-15 11:23:38 +0200: Memory Usage (454012K) : Extracting ntap1 device
2026-09-15 11:23:38 +0200: Memory Usage (454012K) : Extracting ptap1 device
2026-09-15 11:23:38 +0200: Memory Usage (454012K) : Starting SG13G2 LVS RF MOS Model Mapping
2026-09-15 11:23:38 +0200: Memory Usage (454012K) : [layout_netlist] Apply RF MOS model mapping and rfmode parameter.
2026-09-15 11:23:38 +0200: Memory Usage (454012K) : Starting SG13G2 LVS Options Preparations
2026-09-15 11:23:38 +0200: Memory Usage (454012K) : SG13G2 LVS flow: extraction -> alignment -> option preparation -> comparison.
2026-09-15 11:23:38 +0200: Memory Usage (454012K) : Starting SG13G2 LVS Alignment
2026-09-15 11:23:38 +0200: Memory Usage (454012K) : Starting SG13G2 LVS Simplification
2026-09-15 11:23:38 +0200: Memory Usage (454012K) : [layout_netlist] simplify: ENABLED
2026-09-15 11:23:38 +0200: Memory Usage (454012K) : [layout_netlist] make_top_level_pins: SKIPPED
2026-09-15 11:23:38 +0200: Memory Usage (454012K) : [layout_netlist] combine_devices: SKIPPED
2026-09-15 11:23:38 +0200: Memory Usage (454012K) : [layout_netlist] purge: SKIPPED
2026-09-15 11:23:38 +0200: Memory Usage (454012K) : [layout_netlist] purge_nets: SKIPPED
2026-09-15 11:23:38 +0200: Memory Usage (454012K) : [layout_netlist] purge_devices: SKIPPED
2026-09-15 11:23:38 +0200: Memory Usage (454012K) : [schematic_netlist] simplify: ENABLED
2026-09-15 11:23:38 +0200: Memory Usage (454012K) : [schematic_netlist] make_top_level_pins: SKIPPED
2026-09-15 11:23:38 +0200: Memory Usage (454012K) : [schematic_netlist] combine_devices: SKIPPED
2026-09-15 11:23:38 +0200: Memory Usage (454012K) : [schematic_netlist] purge: SKIPPED
2026-09-15 11:23:38 +0200: Memory Usage (454012K) : [schematic_netlist] purge_nets: SKIPPED
2026-09-15 11:23:38 +0200: Memory Usage (454012K) : [schematic_netlist] purge_devices: SKIPPED
2026-09-15 11:23:38 +0200: Memory Usage (454012K) : Starting SG13G2 LVS Comparison
2026-09-15 11:23:38 +0200: Memory Usage (454012K) : ==========================================
2026-09-15 11:23:38 +0200: Memory Usage (454012K) : INFO : Congratulations! Netlists match.
2026-09-15 11:23:38 +0200: Memory Usage (454012K) : ==========================================
2026-09-15 11:23:38 +0200: Memory Usage (454012K) : LVS Total Run time 4.239249 seconds
